0.341,243,2339.393,14.861,8,PL
0.489,169,1824.630,19.198,7,PL
0.498,105,2498.276,13.896,8,PL
0.523,92,2430.955,14.289,10,PL
1.733,91,2399.140,14.483,10,PL
1.995,70,1721.442,20.398,7,PL
2.000,B,[70, 30, 180, 133, 169, 244, 89, 97, 22, 27, 37, 138, 204, 232, 113, 46, 96, 68, 85, 142, 100, 125, 64, 207, 233, 165, 107, 74, 0, 78, 20, 238, 29, 11, 118, 90, 134, 194, 69, 148, 143, 101, 54, 95, 24, 28, 76, 178, 50, 67, 236, 36, 119, 210, 185, 116, 109, 71, 228, 42, 13, 132, 123, 43, 190, 26, 137, 45, 202, 235, 128, 111, 229, 217, 44, 19, 53, 187, 243, 33, 206, 189, 105, 163, 34, 203, 186, 120, 248, 182, 160, 114, 25, 130, 17, 177, 5, 15, 87, 225, 208, 168, 241, 18, 60, 156, 199, 83, 103, 240, 12, 237, 106, 47, 7, 154, 10, 159, 145, 153, 157, 93, 98, 23, 162, 31, 216, 195, 56, 66, 174, 55, 73, 38, 188, 49, 41, 117, 149, 112, 219, 197, 65, 234, 63, 158, 150, 91, 57, 92, 184, 3, 144, 141, 212, 155, 215, 86, 220, 192, 164, 226, 223, 122, 211, 135, 209, 110, 39, 181, 121, 201, 6, 99, 77, 191, 2, 124, 183, 196, 213, 126, 62, 82, 152, 140, 4, 75, 88, 198, 131, 151, 227, 146, 239, 200, 222, 40, 72, 84, 61, 175, 35, 218, 242, 21, 14, 102, 81, 136, 230, 167, 139, 245, 127, 1, 108, 224, 221, 94, 166, 8, 176, 58, 172, 147, 246, 247, 205, 51, 231, 173, 48, 171, 9, 193, 115, 249, 79, 52, 129, 80, 179, 104, 32, 16, 214, 161, 170, 59]
2.073,138,1898.443,18.424,7,PL
2.962,152,2199.669,15.829,11,PE
3.109,55,1860.120,18.818,10,PE
4.432,43,1933.175,18.082,8,PL
4.780,110,2663.948,13.016,10,PL
5.804,248,2668.650,12.993,8,PL
6.394,191,1957.336,17.851,11,PE
8.278,90,2261.173,15.388,7,PL
8.601,95,2512.898,13.814,7,PL
8.903,177,1889.203,18.518,9,PL
9.054,1,1840.942,19.021,12,PE
9.133,86,2483.142,13.983,10,PL
9.525,226,2547.124,13.625,10,PL
10.215,50,2568.382,13.510,7,PL
10.437,46,1922.140,18.189,7,PL
10.539,190,1903.411,18.374,8,PL
10.639,246,2219.130,15.687,12,PC
10.836,171,2267.574,15.343,12,PC
11.259,0,2144.403,16.248,7,PL
11.431,141,2385.813,14.565,10,PL
11.689,53,2246.164,15.493,8,PL
12.296,2,1927.006,18.141,11,PC
12.851,146,2358.658,14.737,11,PC
13.189,7,2284.537,15.226,9,PL
13.751,116,1769.145,19.825,8,PL
13.827,59,2640.348,13.135,12,PE
14.024,211,2548.285,13.618,10,PL
15.417,128,1975.681,17.680,8,PL
15.618,54,2382.775,14.584,7,PL
16.910,126,1998.321,17.473,11,PE
17.712,221,1890.897,18.500,12,PE
18.036,164,2473.336,14.039,10,PL
19.037,68,1898.372,18.425,7,PL
19.141,89,1718.491,20.435,7,PL
19.205,78,2095.000,16.642,7,PL
19.264,52,2285.599,15.219,12,PE
19.676,228,1777.441,19.729,8,PL
20.117,207,2026.267,17.224,7,PL
20.805,124,1879.432,18.617,11,PE
21.318,240,1999.561,17.462,9,PL
21.879,180,1677.468,20.958,7,PL
22.271,165,2034.718,17.150,7,PL
23.051,234,2076.820,16.792,10,PE
23.386,11,2129.809,16.363,7,PL
24.527,51,2149.389,16.209,12,PC
24.668,127,1738.165,20.193,12,PC
24.820,14,2563.864,13.534,11,PC
24.864,58,1973.362,17.701,12,PC
24.986,27,1725.430,20.349,7,PL
25.066,62,2011.149,17.358,11,PC
26.260,160,1588.625,22.190,9,PL
28.744,155,2294.636,15.158,10,PL
28.899,157,2300.200,15.120,9,PL
30.972,225,1810.197,19.357,9,PL
31.031,182,1524.515,23.177,9,PE
31.940,237,1983.354,17.609,9,PL
32.976,168,1820.915,19.239,9,PL
33.149,247,2068.173,16.865,12,PE
34.540,28,2346.556,14.815,7,PL
35.061,8,1852.973,18.893,12,PE
35.429,85,1817.137,19.280,7,PL
36.674,16,2279.112,15.264,12,PC
36.863,170,2349.484,14.796,12,PC
37.048,192,2317.741,15.003,10,PL
37.649,206,2192.433,15.883,8,PL
38.623,142,1796.344,19.512,7,PL
38.678,82,1928.181,18.130,11,PC
38.811,75,2026.290,17.224,11,PC
39.017,199,1812.605,19.330,9,PL
39.313,158,2007.868,17.387,10,PE
40.034,244,1575.902,22.379,7,PL
40.085,48,2045.222,17.060,12,PE
40.139,148,2116.901,16.465,7,PL
40.176,156,1793.651,19.543,9,PL
40.315,220,2291.650,15.178,10,PL
40.679,145,2150.086,16.204,9,PL
41.253,36,1506.870,23.464,8,PL
42.197,69,2086.743,16.710,7,PL
42.288,213,1790.082,19.583,11,PE
42.939,224,1660.503,21.182,12,PE
44.073,210,1520.146,23.247,8,PL
44.250,39,1426.650,24.870,11,PC
44.818,218,2369.144,14.670,11,PC
45.414,88,1986.715,17.578,11,PC
45.449,232,1661.884,21.164,7,PL
46.360,18,1730.362,20.289,9,PL
46.668,131,2030.131,17.190,11,PE
46.727,81,1491.168,23.726,12,PE
47.431,154,2072.628,16.827,9,PL
47.544,35,2278.959,15.265,11,PC
47.589,215,2164.747,16.091,10,PE
48.120,6,1644.413,21.400,11,PC
48.359,67,2310.022,15.055,7,PL
48.756,227,2076.681,16.793,11,PC
49.050,175,2232.053,15.594,11,PC
49.284,71,1570.476,22.461,8,PL
50.144,100,1746.266,20.096,7,PL
52.120,25,1481.818,23.885,9,PE
52.336,101,2089.918,16.684,7,PL
53.013,133,1469.706,24.095,7,PL
53.085,134,1970.261,17.730,7,PL
53.217,22,1524.379,23.179,7,PL
53.440,121,1570.172,22.465,11,PE
53.731,219,1811.116,19.347,10,PE
54.178,161,2169.244,16.057,12,PC
54.558,147,1884.663,18.564,12,PC
55.277,236,2268.947,15.334,7,PL
55.303,9,1978.322,17.655,12,PC
55.934,23,2208.078,15.767,9,PL
57.045,203,2182.366,15.958,8,PL
57.510,159,2024.214,17.242,9,PL
57.860,79,2004.928,17.413,12,PE
58.074,188,1620.997,21.724,10,PE
58.515,111,1731.185,20.278,8,PL
58.922,38,1612.453,21.845,10,PC
58.974,29,1875.816,18.655,7,PL
59.229,65,1809.334,19.367,10,PC
60.415,47,1911.901,18.290,9,PL
60.429,233,1764.710,19.877,7,PL
60.559,33,1990.570,17.543,8,PL
61.012,17,1502.827,23.531,9,PE
61.295,97,1447.060,24.496,7,PL
61.692,77,1594.285,22.107,11,PE
63.168,66,1411.787,25.150,10,PE
63.590,40,2037.988,17.122,11,PE
64.509,231,1887.158,18.538,12,PE
65.311,109,1471.850,24.057,8,PL
65.390,13,1514.942,23.332,8,PL
66.515,217,1736.426,20.215,8,PL
67.195,184,1971.930,17.714,10,PE
67.608,189,2034.465,17.153,8,PL
67.847,179,2001.419,17.445,12,PC
68.452,173,1848.942,18.936,12,PC
68.502,84,2061.435,16.921,11,PE
69.464,163,2081.138,16.756,8,PL
70.111,37,1451.943,24.408,7,PL
70.133,99,1518.085,23.281,11,PE
70.389,212,1996.985,17.485,10,PE
70.879,87,1527.198,23.134,9,PE
71.029,119,1320.583,27.023,8,PL
71.153,103,1645.236,21.388,9,PL
71.776,49,1556.851,22.668,10,PE
72.234,5,1469.842,24.092,9,PE
73.526,230,1343.944,26.516,12,PE
74.017,235,1577.321,22.358,8,PL
74.399,64,1635.828,21.518,7,PL
74.413,229,1649.439,21.331,8,PL
74.648,83,1600.312,22.020,9,PL
74.918,245,1391.861,25.536,12,PE
75.056,76,2078.599,16.778,7,PL
75.982,42,1416.828,25.055,8,PL
79.157,41,1510.046,23.412,10,PE
79.248,187,1791.540,19.567,8,PL
80.033,56,1274.773,28.078,10,PE
80.567,201,1413.481,25.118,11,PE
81.494,202,1460.744,24.252,8,PL
81.509,26,1434.952,24.717,8,PL
81.940,94,1488.603,23.770,12,PE
82.073,186,2062.813,16.910,8,PL
82.345,181,1201.113,29.969,11,PE
82.671,106,1755.998,19.980,9,PL
82.714,60,1496.954,23.629,9,PC
82.822,15,1427.435,24.856,9,PC
83.570,129,1875.217,18.661,12,PC
83.627,34,1995.894,17.495,8,PL
83.645,117,1497.430,23.621,10,PE
83.872,208,1461.033,24.247,9,PE
83.906,61,1977.032,17.667,11,PE
84.013,93,1946.744,17.951,9,PL
84.370,104,1915.795,18.251,12,PC
84.779,137,1421.464,24.967,8,PL
85.563,10,1838.832,19.044,9,PL
85.783,178,1999.883,17.459,7,PL
86.769,140,1658.141,21.214,11,PE
87.322,57,1827.285,19.169,10,PE
87.673,241,1462.540,24.220,9,PE
87.699,185,1276.411,28.039,8,PL
88.401,196,1440.931,24.607,11,PE
88.573,98,1970.178,17.731,9,PL
88.609,153,1842.336,19.006,9,PL
89.858,162,1988.151,17.565,9,PL
90.019,21,2081.536,16.753,11,PE
90.528,96,1385.607,25.660,7,PL
90.847,242,2049.973,17.019,11,PE
90.901,166,1441.620,24.595,12,PE
91.675,3,1824.858,19.196,10,PC
91.889,223,1998.885,17.468,10,PC
92.105,194,1734.867,20.234,7,PL
92.634,115,1761.261,19.917,12,PC
92.641,102,2139.321,16.288,11,PE
92.875,143,1775.800,19.748,7,PL
92.902,150,1684.680,20.864,10,PE
93.040,24,1924.999,18.161,7,PL
93.852,167,1227.086,29.272,12,PC
94.016,200,1834.767,19.088,11,PE
94.337,216,1988.084,17.566,9,PL
94.459,80,1798.674,19.486,12,PC
95.412,73,1329.041,26.837,10,PC
95.416,209,2018.303,17.294,10,PC
95.703,204,1297.030,27.555,7,PL
95.827,12,1501.206,23.558,9,PE
96.003,176,1456.150,24.333,12,PC
96.058,108,1337.131,26.662,12,PC
96.198,214,1876.058,18.652,12,PC
96.655,32,1855.985,18.861,12,PC
96.892,222,1806.243,19.401,11,PC
97.195,4,1634.565,21.535,11,PC
97.571,114,1182.115,30.502,9,PE
97.699,30,1151.331,31.408,7,PL
98.157,135,1983.219,17.610,10,PE
98.512,183,1365.785,26.060,11,PE
98.834,74,1555.644,22.687,7,PL
99.502,45,1352.869,26.328,8,PL
99.773,20,1568.670,22.488,7,PL
99.962,113,1367.614,26.022,7,PL
100.086,130,1196.782,30.089,9,PE
101.117,151,1650.295,21.320,11,PE
101.712,19,1581.609,22.294,8,PL
102.452,107,1494.845,23.664,7,PL
103.241,239,1747.039,20.086,11,PE
103.500,44,1527.159,23.134,8,PL
104.479,249,1668.922,21.070,12,PE
105.118,72,1781.904,19.677,11,PE
107.060,139,1151.365,31.407,12,PC
107.156,197,1486.871,23.799,10,PE
107.650,132,1238.377,28.980,8,PL
107.691,174,1171.557,30.806,10,PC
107.712,122,1890.642,18.503,10,PC
108.001,193,1617.542,21.773,12,PC
108.014,198,1566.752,22.517,11,PE
109.082,136,1110.342,32.709,12,PC
109.161,205,1560.350,22.615,12,PC
109.442,172,1509.513,23.421,12,PC
109.852,149,1404.444,25.291,10,PE
112.321,31,1862.411,18.794,9,PL
113.095,144,1681.135,20.910,10,PE
113.303,120,1914.247,18.267,8,PL
113.379,123,1229.908,29.199,8,PL
113.404,238,1502.937,23.529,7,PL
113.566,125,1346.915,26.453,7,PL
113.611,195,1052.183,34.767,10,PC
113.623,63,1510.295,23.408,10,PC
113.676,118,1536.299,22.989,7,PL
114.199,112,1361.418,26.150,10,PE
120.732,168,1286.989,27.788,9,PE
120.826,0,1423.702,24.925,7,PL
121.636,33,1576.615,22.369,8,PL
121.942,219,1357.067,26.240,10,PE
122.000,B,[70, 160, 36, 30, 119, 210, 180, 133, 169, 89, 244, 185, 97, 116, 22, 27, 71, 228, 138, 109, 42, 37, 204, 177, 132, 13, 43, 123, 190, 26, 232, 137, 96, 202, 45, 46, 113, 225, 18, 68, 142, 168, 85, 156, 128, 235, 199, 100, 83, 125, 103, 111, 64, 240, 229, 233, 207, 107, 217, 237, 165, 74, 78, 44, 0, 20, 238, 19, 29, 11, 118, 106, 90, 53, 47, 187, 134, 243, 194, 69, 7, 154, 148, 33, 143, 159, 91, 10, 145, 92, 153, 206, 101, 141, 155, 54, 157, 189, 105, 93, 86, 163, 95, 24, 220, 34, 192, 203, 98, 28, 178, 23, 76, 164, 162, 226, 186, 31, 50, 216, 67, 211, 236, 120, 110, 248, 182, 114, 25, 130, 17, 5, 15, 87, 208, 241, 60, 12, 195, 56, 66, 174, 55, 73, 38, 188, 49, 41, 117, 112, 149, 219, 197, 65, 234, 63, 158, 150, 57, 184, 3, 144, 212, 215, 223, 122, 135, 209, 39, 181, 121, 201, 6, 99, 191, 77, 124, 183, 2, 196, 213, 126, 62, 82, 152, 140, 4, 75, 88, 198, 151, 131, 227, 146, 239, 222, 40, 200, 72, 84, 61, 175, 35, 242, 218, 21, 14, 102, 81, 136, 230, 167, 139, 245, 127, 1, 224, 108, 221, 94, 166, 8, 176, 58, 172, 147, 246, 247, 205, 173, 51, 48, 231, 171, 193, 9, 249, 115, 79, 52, 80, 129, 179, 104, 32, 16, 214, 161, 170, 59]
122.547,227,1578.423,22.341,11,PE
124.918,150,1470.427,24.082,10,PC
124.934,189,1662.402,21.157,8,PL
125.035,155,1629.230,21.609,10,PC
125.480,151,1490.012,23.746,11,PC
125.581,57,1571.699,22.442,10,PE
125.791,30,985.128,37.521,7,PL
125.876,242,1809.679,19.363,11,PC
126.029,114,1006.851,36.578,9,PE
126.084,82,1337.661,26.650,11,PC
126.360,177,1113.495,32.605,9,PE
126.431,74,1376.696,25.838,7,PL
126.951,148,1549.978,22.774,7,PL
127.032,45,1185.611,30.402,8,PL
127.516,121,1097.543,33.139,11,PE
127.806,53,1463.488,24.204,8,PL
128.366,193,1484.095,23.846,12,PC
129.120,81,972.299,38.104,12,PC
129.181,20,1371.292,25.947,7,PL
130.235,232,1161.867,31.092,7,PL
130.416,97,1026.229,35.779,7,PL
131.016,178,1686.251,20.844,7,PL
131.836,129,1554.527,22.704,12,PC
132.002,17,1056.728,34.596,9,PE
132.068,119,954.684,38.938,8,PE
132.510,210,967.951,38.306,8,PE
132.606,15,1110.942,32.689,9,PE
132.743,32,1611.728,21.856,12,PC
133.463,92,1528.977,23.105,10,PE
133.552,205,1401.995,25.338,12,PC
133.689,31,1722.438,20.386,9,PL
133.790,190,1103.240,32.946,8,PL
134.342,140,1341.104,26.577,11,PC
134.404,55,1028.438,35.691,10,PC
134.406,198,1395.023,25.474,11,PC
134.407,144,1540.973,22.915,10,PC
134.451,194,1456.626,24.325,7,PL
134.949,1,1038.345,35.299,12,PC
135.208,212,1557.334,22.661,10,PC
135.414,127,1032.564,35.526,12,PC
135.468,66,975.820,37.942,10,PC
135.510,50,1707.014,20.579,7,PL
135.537,96,1100.733,33.031,7,PL
135.646,111,1259.069,28.460,8,PL
135.868,8,1191.201,30.245,12,PC
135.969,146,1518.340,23.276,11,PE
136.086,105,1578.652,22.338,8,PL
136.835,220,1634.208,21.540,10,PE
137.311,51,1401.772,25.343,12,PC
137.331,165,1310.013,27.259,7,PL
137.352,231,1422.710,24.944,12,PC
137.741,154,1468.600,24.114,9,PE
138.794,157,1558.670,22.640,9,PL
139.104,132,1041.843,35.163,8,PE
139.452,248,1750.033,20.051,8,PL
139.753,47,1385.379,25.664,9,PE
140.084,152,1273.964,28.097,11,PE
140.300,13,1085.774,33.546,8,PE
140.308,229,1218.086,29.510,8,PL
140.578,211,1680.353,20.920,10,PE
142.015,141,1489.237,23.759,10,PE
142.150,102,1802.457,19.444,11,PE
142.744,113,1136.936,31.852,7,PL
142.995,88,1346.445,26.463,11,PE
144.397,85,1120.038,32.391,7,PL
144.462,73,1034.659,35.444,10,PC
144.708,179,1479.404,23.927,12,PE
144.733,125,1151.173,31.413,7,PL
144.790,117,1111.977,32.655,10,PC
145.431,159,1429.447,24.818,9,PE
145.918,101,1480.185,23.913,7,PL
146.006,197,1236.836,29.020,10,PE
146.087,27,988.327,37.379,7,PL
146.181,90,1350.834,26.370,7,PL
146.518,222,1469.674,24.095,11,PC
146.958,169,912.669,41.103,7,PL
147.046,4,1327.091,26.880,11,PC
147.845,162,1601.334,22.005,9,PL
147.863,200,1491.327,23.724,11,PE
147.909,87,1050.169,34.843,9,PE
148.738,134,1332.584,26.760,7,PL
149.263,69,1367.982,26.015,7,PL
150.521,131,1366.779,26.039,11,PE
151.114,67,1605.275,21.948,7,PL
152.753,188,1036.982,35.352,10,PE
153.230,161,1505.188,23.492,12,PC
153.622,160,815.848,47.344,9,PE
154.391,247,1260.401,28.427,12,PC
154.608,122,1572.365,22.432,10,PE
155.020,239,1410.121,25.182,11,PE
155.099,182,784.919,49.855,9,PE
155.704,186,1573.744,22.412,8,PL
156.653,115,1360.490,26.169,12,PC
156.777,166,1029.173,35.661,12,PC
157.610,109,964.608,38.463,8,PE
157.789,28,1530.181,23.086,7,PL
157.908,68,1093.046,33.293,7,PL
158.293,228,898.360,41.904,8,PE
158.348,176,1065.174,34.283,12,PC
158.704,9,1289.056,27.740,12,PC
158.820,44,1177.929,30.622,8,PL
159.150,22,877.256,43.153,7,PL
160.065,192,1478.303,23.946,10,PC
160.099,215,1399.038,25.396,10,PC
161.708,37,973.155,38.065,7,PL
161.976,147,1178.645,30.601,12,PE
162.701,213,1028.417,35.691,11,PE
163.618,107,1105.401,32.874,7,PL
163.703,103,1053.622,34.713,9,PE
163.929,172,1168.578,30.894,12,PC
164.129,221,944.654,39.431,12,PC
165.323,108,995.622,37.059,12,PC
165.368,112,1042.433,35.140,10,PE
165.831,98,1449.868,24.446,9,PE
166.090,138,859.131,44.297,7,PL
166.615,203,1453.582,24.379,8,PL
168.095,99,965.932,38.401,11,PE
168.321,137,913.217,41.073,8,PE
168.828,80,1305.105,27.370,12,PE
169.062,14,1573.567,22.414,11,PC
169.177,234,1158.215,31.201,10,PE
169.222,204,861.251,44.160,7,PL
169.636,183,935.639,39.887,11,PC
170.411,171,1200.141,29.996,12,PE
170.527,91,1311.524,27.225,10,PE
170.529,89,792.734,49.189,7,PL
170.538,202,940.304,39.650,8,PE
170.740,93,1400.056,25.376,9,PE
171.725,77,953.853,38.978,11,PE
172.700,139,789.588,49.455,12,PC
172.782,120,1528.306,23.116,8,PL
173.395,214,1374.242,25.887,12,PC
174.437,226,1453.510,24.380,10,PE
175.066,249,1203.391,29.907,12,PE
176.079,244,795.335,48.973,7,PL
176.967,156,937.114,39.811,9,PE
177.099,38,904.545,41.553,10,PE
177.706,106,1189.877,30.282,9,PE
178.721,72,1298.644,27.518,11,PE
179.681,61,1348.575,26.418,11,PC
180.038,26,843.051,45.373,8,PE
180.253,6,926.297,40.371,11,PC
182.285,217,1035.607,35.406,8,PE
182.887,142,884.970,42.687,7,PL
183.735,83,919.291,40.744,9,PC
183.760,18,871.039,43.538,9,PC
183.975,54,1267.395,28.256,7,PL
184.440,79,1182.247,30.498,12,PE
185.080,2,939.148,39.708,11,PE
185.455,235,949.116,39.210,8,PE
186.065,59,1464.149,24.192,12,PE
187.139,11,1097.054,33.156,7,PL
187.309,60,856.316,44.481,9,PE
187.745,208,858.654,44.328,9,PE
188.117,124,834.149,45.996,11,PE
188.175,145,1215.913,29.568,9,PC
188.208,225,884.352,42.724,9,PC
188.516,70,666.410,64.204,7,PE
189.929,158,1039.189,35.266,10,PE
190.630,49,839.562,45.615,10,PE
190.815,24,1276.411,28.039,7,PL
191.552,163,1271.503,28.157,8,PL
191.808,238,1044.541,35.059,7,PL
193.272,136,712.993,57.301,12,PE
193.519,236,1335.856,26.689,7,PL
193.640,36,677.162,62.381,8,PE
193.751,56,677.700,62.294,10,PE
194.687,143,1129.916,32.074,7,PL
195.925,40,1159.604,31.159,11,PE
196.714,95,1237.119,29.012,7,PL
196.747,116,705.368,58.279,8,PE
197.406,76,1296.352,27.570,7,PL
198.448,185,694.367,59.780,8,PE
198.962,133,697.664,59.318,7,PE
199.429,128,821.915,46.887,8,PE
199.547,170,1248.361,28.727,12,PE
200.833,75,1020.283,36.020,11,PC
200.969,84,1190.725,30.258,11,PC
200.992,167,682.262,61.573,12,PE
201.467,216,1279.844,27.957,9,PE
201.828,25,667.792,63.959,9,PE
202.288,64,919.032,40.758,7,PL
202.524,62,876.087,43.225,11,PE
203.046,78,905.457,41.502,7,PL
203.180,184,1083.916,33.611,10,PE
203.431,5,731.392,55.120,9,PC
203.464,10,1108.553,32.769,9,PC
203.664,175,1198.780,30.034,11,PE
204.662,130,718.012,56.683,9,PE
204.695,16,1152.200,31.382,12,PE
205.237,35,1219.566,29.471,11,PC
205.346,187,989.518,37.326,8,PE
205.783,39,620.414,75.261,11,PC
205.903,41,795.184,48.985,10,PE
206.870,230,702.789,58.621,12,PE
207.336,135,1253.562,28.596,10,PC
207.541,63,948.959,39.218,10,PC
208.177,207,930.879,40.132,7,PL
208.975,34,1165.771,30.976,8,PL
209.128,12,814.223,47.468,9,PE
209.981,233,862.078,44.106,7,PL
210.011,23,1171.991,30.794,9,PE
211.733,43,722.900,56.098,8,PE
212.010,224,731.341,55.126,12,PE
212.582,240,802.272,48.407,9,PE
213.180,123,760.116,52.125,8,PE
214.040,100,754.613,52.666,7,PE
214.424,65,848.970,44.970,10,PE
214.836,29,889.025,42.446,7,PL
215.100,86,1134.103,31.941,10,PE
215.903,94,717.810,56.707,12,PE
215.915,126,784.051,49.930,11,PE
217.039,191,690.763,60.297,11,PE
217.141,174,726.551,55.672,10,PC
217.387,164,1145.003,31.602,10,PC
217.575,46,831.508,46.185,7,PL
218.009,110,1213.675,29.628,10,PE
220.304,237,795.555,48.955,9,PE
221.704,42,652.645,66.829,8,PE
221.736,58,766.578,51.508,12,PE
222.083,153,1007.554,36.548,9,PC
222.100,7,948.647,39.233,9,PC
222.773,149,794.703,49.025,10,PE
223.612,201,758.812,52.252,11,PE
224.336,206,971.198,38.155,8,PE
224.689,180,645.428,68.375,7,PE
225.507,209,1158.278,31.199,10,PC
225.723,3,976.407,37.915,10,PC
226.185,246,830.098,46.287,12,PC
226.466,48,860.018,44.240,12,PC
226.658,199,709.709,57.717,9,PE
227.058,181,610.363,79.427,11,PC
227.609,196,697.985,59.274,11,PC
227.727,195,609.835,79.696,10,PE
227.764,173,861.880,44.119,12,PC
228.922,243,887.158,42.556,8,PE
229.057,52,926.166,40.378,12,PC
229.986,104,982.962,37.618,12,PC
230.866,241,711.786,57.453,9,PE
231.058,118,827.578,46.469,7,PL
231.158,19,796.321,48.891,8,PE
231.346,71,626.866,73.165,8,PE
232.688,245,753.819,52.745,12,PE
233.796,218,1151.769,31.395,11,PE
234.256,223,1057.244,34.577,10,PE
234.719,21,1154.650,31.308,11,PE
240.126,33,849.118,44.960,8,PE
240.323,120,1118.891,32.428,8,PL
240.634,5,636.031,70.622,9,PC
240.652,160,615.459,77.131,9,PC
241.580,213,685.657,61.054,11,PE
242.000,B,[157, 162, 31, 190, 45, 229, 111, 44, 53, 33, 105, 189, 163, 34, 203, 186, 120, 248, 30, 89, 169, 244, 97, 22, 138, 204, 27, 96, 37, 142, 232, 85, 46, 113, 125, 68, 64, 107, 233, 78, 207, 74, 20, 0, 165, 29, 238, 118, 11, 134, 90, 194, 69, 143, 148, 101, 54, 95, 24, 178, 28, 76, 50, 67, 236, 70, 160, 36, 119, 210, 180, 133, 185, 116, 71, 228, 42, 177, 132, 43, 109, 26, 137, 123, 13, 202, 18, 225, 156, 128, 199, 100, 83, 235, 103, 168, 240, 237, 217, 19, 47, 187, 243, 106, 7, 154, 159, 92, 10, 206, 91, 141, 153, 145, 155, 93, 86, 220, 192, 98, 23, 164, 226, 216, 211, 110, 182, 114, 25, 130, 17, 5, 15, 87, 208, 60, 241, 12, 195, 56, 66, 55, 174, 73, 38, 188, 49, 41, 117, 112, 149, 219, 197, 65, 234, 158, 63, 150, 57, 184, 3, 144, 212, 215, 223, 122, 135, 209, 39, 181, 121, 191, 201, 124, 183, 196, 99, 77, 6, 213, 2, 126, 62, 82, 152, 140, 198, 88, 75, 4, 151, 131, 227, 146, 222, 239, 40, 200, 72, 84, 61, 175, 35, 242, 218, 21, 14, 102, 81, 136, 167, 139, 230, 1, 127, 245, 224, 221, 94, 166, 108, 8, 176, 58, 147, 172, 246, 247, 205, 48, 173, 51, 171, 193, 9, 231, 249, 79, 115, 52, 80, 129, 179, 104, 32, 16, 214, 161, 170, 59]
242.018,132,615.588,77.079,8,PE
242.205,188,678.252,62.206,10,PE
243.392,47,795.793,48.935,9,PE
245.419,164,983.102,37.612,10,PE
245.674,202,692.141,60.098,8,PE
246.166,248,1069.103,34.140,8,PE
246.959,249,801.033,48.507,12,PE
246.974,17,633.013,71.414,9,PE
247.112,92,856.270,44.484,10,PE
248.015,225,722.099,56.192,9,PE
249.281,11,820.822,46.968,7,PL
249.287,144,847.957,45.039,10,PE
249.801,240,662.591,64.896,9,PE
250.096,18,622.190,74.652,9,PE
250.475,66,651.847,66.994,10,PE
250.745,214,935.478,39.895,12,PE
250.972,150,738.588,54.327,10,PE
251.066,30,632.861,71.455,7,PE
251.298,217,765.368,51.622,8,PE
252.819,244,669.595,63.645,7,PE
253.052,154,802.593,48.381,9,PE
253.115,206,820.410,46.999,8,PE
253.931,73,656.733,66.010,10,PE
255.057,76,983.562,37.592,7,PL
255.255,32,852.117,44.759,12,PC
255.474,16,858.820,44.317,12,PC
255.697,196,643.730,68.760,11,PE
256.275,107,658.337,65.698,7,PE
256.448,14,1028.447,35.690,11,PC
256.612,77,721.233,56.295,11,PC
256.885,61,917.658,40.832,11,PC
257.314,157,863.029,44.045,9,PE
258.062,200,882.477,42.836,11,PE
259.904,131,844.310,45.287,11,PC
260.342,89,624.831,73.793,7,PE
260.367,232,808.123,47.941,7,PL
260.367,227,792.134,49.240,11,PC
260.551,118,705.858,58.215,7,PE
262.074,3,794.412,49.049,10,PE
262.203,90,769.177,51.266,7,PE
262.430,36,668.091,63.907,8,PE
263.016,43,654.878,66.377,8,PE
263.167,49,625.190,73.680,10,PE
263.169,69,739.620,54.216,7,PE
264.401,172,697.594,59.328,12,PE
264.460,207,784.828,49.862,7,PL
264.531,56,648.320,67.739,10,PE
264.666,15,618.029,76.127,9,PE
264.830,84,836.754,45.812,11,PE
265.001,212,788.200,49.573,10,PE
266.245,197,662.204,64.967,10,PE
266.792,111,779.470,50.332,8,PE
267.380,198,677.333,62.353,11,PE
267.731,50,880.776,42.939,7,PL
267.812,129,778.071,50.456,12,PE
267.879,105,828.706,46.387,8,PE
268.620,22,640.858,69.430,7,PE
268.707,117,638.188,70.079,10,PC
268.883,112,614.687,77.450,10,PC
269.981,104,781.254,50.174,12,PE
270.789,57,736.047,54.604,10,PE
272.681,127,672.743,63.109,12,PE
272.797,169,695.861,59.569,7,PE
273.259,233,668.762,63.790,7,PE
273.569,174,767.629,51.410,10,PC
273.727,146,727.160,55.601,11,PE
273.785,209,883.099,42.799,10,PC
274.527,102,991.593,37.235,11,PE
274.589,64,755.535,52.574,7,PE
275.008,145,832.598,46.107,9,PE
275.231,103,609.983,79.620,9,PE
275.340,135,853.722,44.652,10,PE
276.050,133,711.962,57.431,7,PE
276.107,119,712.601,57.350,8,PE
276.293,181,718.907,56.574,11,PE
276.652,44,664.574,64.533,8,PE
277.035,20,634.988,70.892,7,PE
277.969,140,637.648,70.213,11,PE
278.714,149,683.227,61.424,10,PE
280.050,2,812.528,47.598,11,PE
281.937,130,757.809,52.350,9,PE
282.827,113,869.091,43.660,7,PL
283.187,70,765.851,51.577,7,PE
284.743,142,615.353,77.174,7,PE
285.607,83,613.911,77.780,9,PE
286.000,98,747.448,53.392,9,PE
286.488,10,766.768,51.491,9,PE
286.522,167,716.260,56.896,12,PC
287.517,187,652.089,66.944,8,PE
287.577,153,738.484,54.338,9,PE
287.668,8,612.059,78.608,12,PC
288.508,40,682.142,61.592,11,PE
288.576,85,680.981,61.773,7,PE
289.534,148,755.165,52.611,7,PE
290.983,123,760.468,52.091,8,PE
291.743,121,686.155,60.978,11,PE
291.945,101,766.506,51.515,7,PE
292.819,109,853.955,44.637,8,PE
292.988,67,766.073,51.556,7,PE
293.092,226,837.782,45.740,10,PE
293.328,170,732.873,54.954,12,PC
294.400,147,615.700,77.033,12,PC
294.445,193,624.769,73.812,12,PC
294.796,203,760.890,52.050,8,PE
295.213,0,699.035,59.129,7,PE
295.275,51,695.830,59.574,12,PC
295.426,156,662.444,64.923,9,PE
295.871,161,738.785,54.306,12,PC
296.021,143,701.141,58.842,7,PE
296.320,21,841.385,45.489,11,PE
297.024,115,777.156,50.538,12,PC
297.673,247,624.139,74.013,12,PC
297.829,168,876.199,43.218,9,PE
297.984,86,755.964,52.532,10,PC
298.182,38,733.205,54.917,10,PC
299.136,159,632.497,71.554,9,PE
299.186,158,652.613,66.836,10,PE
300.210,216,754.388,52.688,9,PE
300.248,141,639.509,69.755,10,PE
300.312,29,619.019,75.760,7,PE
301.154,1,756.828,52.446,12,PE
302.257,97,804.290,48.245,7,PL
302.534,4,775.203,50.714,11,PE
302.843,184,653.049,66.747,10,PE
302.916,81,791.316,49.308,12,PC
303.274,230,846.805,45.117,12,PC
304.116,106,812.652,47.589,9,PE
304.182,194,646.162,68.211,7,PE
304.688,173,639.658,69.719,12,PE
305.555,75,722.892,56.099,11,PE
305.579,210,792.300,49.226,8,PE
306.185,80,621.451,74.902,12,PC
306.652,155,638.325,70.045,10,PE
306.971,222,629.297,72.448,11,PE
306.991,165,810.029,47.792,7,PL
307.278,94,671.386,63.339,12,PC
307.861,183,691.515,60.188,11,PC
308.283,82,620.734,75.150,11,PC
308.363,245,920.896,40.658,12,PC
308.444,190,743.303,53.824,8,PE
309.530,78,618.407,75.986,7,PE
310.439,201,875.519,43.260,11,PE
310.998,205,615.702,77.032,12,PE
311.054,25,815.561,47.366,9,PE
311.511,134,608.345,80.499,7,PE
311.590,34,657.301,65.898,8,PE
311.851,211,688.666,60.604,10,PE
311.855,236,696.594,59.467,7,PE
312.591,126,699.332,59.088,11,PE
313.808,52,637.298,70.301,12,PE
314.328,55,838.734,45.673,10,PE
315.085,99,878.189,43.096,11,PE
315.257,71,787.870,49.601,8,PE
315.568,163,673.397,63.000,8,PE
316.182,199,698.050,59.265,9,PE
316.757,185,834.358,45.982,8,PE
317.318,100,683.431,61.393,7,PE
317.945,219,646.708,68.091,10,PE
318.839,139,827.028,46.510,12,PC
319.391,218,778.638,50.406,11,PC
319.760,9,611.384,78.926,12,PC
320.065,239,698.394,59.217,11,PC
320.623,68,956.589,38.846,7,PL
320.777,23,644.165,68.660,9,PE
320.900,191,741.862,53.977,11,PE
320.915,46,934.154,39.963,7,PL
321.111,178,640.232,69.580,7,PC
321.166,125,697.431,59.350,7,PC
321.478,91,788.750,49.526,10,PE
321.559,114,867.972,43.730,9,PE
322.041,60,716.112,56.915,9,PE
322.253,224,850.519,44.866,12,PE
323.006,53,654.397,66.473,8,PE
323.300,238,757.368,52.393,7,PE
323.495,138,811.643,47.667,7,PL
323.891,37,1017.208,36.146,7,PL
325.087,27,936.653,39.835,7,PL
326.171,237,659.131,65.545,9,PE
326.434,59,711.383,57.504,12,PE
326.535,95,618.457,75.967,7,PE
326.552,31,711.866,57.443,9,PE
327.258,162,712.096,57.414,9,PE
327.638,229,694.516,59.759,8,PE
328.419,204,830.887,46.230,7,PL
328.582,19,639.332,69.798,8,PE
329.597,166,763.356,51.814,12,PE
331.095,235,887.592,42.531,8,PE
331.366,7,680.826,61.797,9,PE
331.705,54,690.982,60.265,7,PE
332.207,228,861.949,44.115,8,PE
332.304,177,837.208,45.780,9,PE
332.715,246,640.409,69.538,12,PC
333.054,223,621.572,74.861,10,PE
333.108,79,703.111,58.578,12,PC
334.016,241,823.853,46.743,9,PE
334.449,231,807.928,47.957,12,PC
334.804,179,606.428,81.650,12,PC
335.969,110,644.157,68.662,10,PE
336.065,128,770.247,51.166,8,PE
337.275,72,625.041,73.727,11,PE
338.412,186,678.426,62.178,8,PC
338.441,124,825.950,46.588,11,PE
338.461,243,699.894,59.012,8,PC
339.271,65,714.060,57.168,10,PE
339.856,63,740.168,54.157,10,PE
340.102,26,856.544,44.466,8,PE
340.520,6,1037.264,35.341,11,PE
340.860,189,784.613,49.881,8,PE
340.905,220,613.334,78.031,10,PE
341.984,195,1009.420,36.470,10,PE
342.012,136,1031.199,35.581,12,PE
342.099,13,1055.379,34.647,8,PE
342.311,62,721.615,56.250,11,PE
342.425,180,1013.706,36.291,7,PL
342.872,122,620.233,75.325,10,PE
343.739,108,1116.753,32.498,12,PE
343.843,96,853.155,44.690,7,PL
344.416,116,985.120,37.522,8,PE
344.802,74,793.028,49.165,7,PL
345.082,42,926.916,40.339,8,PE
345.888,221,854.230,44.619,12,PE
346.279,87,908.427,41.337,9,PE
346.764,192,612.737,78.297,10,PE
347.126,24,607.054,81.257,7,PE
347.608,234,857.632,44.395,10,PE
347.774,28,734.570,54.766,7,PE
347.840,12,763.140,51.834,9,PE
348.023,152,753.356,52.791,11,PC
348.097,171,689.459,60.487,12,PE
348.145,88,743.528,53.800,11,PC
349.628,41,897.136,41.974,10,PE
349.700,93,791.743,49.273,9,PE
350.117,35,628.364,72.719,11,PE
350.306,137,914.518,41.002,8,PE
351.200,176,823.440,46.773,12,PE
351.437,151,680.096,61.912,11,PE
352.338,215,624.515,73.893,10,PE
352.591,58,810.802,47.732,12,PE
352.633,242,606.212,81.791,11,PE
353.231,45,1002.031,36.783,8,PE
353.542,39,1139.609,31.769,11,PE
353.700,208,936.434,39.846,9,PE
353.990,182,1126.983,32.167,9,PE
353.992,48,700.654,58.908,12,PE
354.489,175,618.371,75.999,11,PE
362.000,B,[]
482.000,B,[]