2.000,B,[436, 39, 70, 182, 181, 250, 406, 160, 329, 36, 435, 195, 411, 30, 119, 335, 81, 56, 438, 463, 136, 496, 210, 180, 353, 230, 133, 114, 490, 169, 363, 66, 25, 349, 130, 167, 464, 244, 256, 259, 174, 334, 306, 89, 97, 398, 185, 357, 284, 139, 116, 419, 293, 245, 462, 430, 489, 407, 499, 376, 428, 55, 22, 325, 27, 395, 470, 288, 109, 318, 37, 289, 267, 127, 71, 1, 228, 278, 138, 17, 269, 379, 42, 465, 301, 108, 479, 121, 201, 204, 364, 13, 308, 460, 224, 177, 342, 132, 232, 437, 5, 6, 123, 73, 43, 456, 326, 402, 190, 99, 491, 15, 26, 113, 137, 46, 96, 45, 87, 202, 77, 482, 191, 38, 275, 273, 2, 221, 276, 225, 188, 258, 443, 339, 208, 251, 277, 124, 485, 262, 68, 183, 168, 196, 270, 367, 49, 94, 41, 252, 241, 18, 311, 271, 166, 60, 433, 85, 142, 117, 235, 156, 343, 385, 213, 128, 473, 310, 199, 253, 352, 358, 274, 100, 469, 8, 461, 444, 484, 83, 176, 126, 125, 475, 474, 451, 111, 417, 382, 64, 323, 149, 103, 305, 112, 316, 266, 58, 260, 375, 414, 346, 240, 495, 307, 12, 287, 449, 322, 229, 257, 207, 282, 347, 331, 454, 421, 233, 219, 217, 448, 165, 434, 296, 321, 62, 336, 107, 295, 82, 237, 327, 348, 399, 197, 472, 74, 65, 152, 285, 0, 386, 44, 78, 368, 234, 455, 431, 313, 20, 332, 172, 445, 140, 238, 388, 354, 380, 312, 147, 383, 478, 300, 466, 63, 351, 19, 4, 29, 158, 355, 405, 315, 75, 416, 11, 280, 425, 483, 246, 299, 88, 106, 441, 247, 446, 429, 205, 198, 118, 298, 51, 231, 366, 90, 173, 150, 497, 390, 422, 48, 53, 47, 381, 281, 187, 134, 171, 297, 131, 243, 255, 151, 409, 492, 350, 471, 263, 410, 9, 193, 317, 194, 493, 467, 115, 7, 69, 359, 487, 254, 283, 356, 249, 314, 148, 292, 79, 154, 365, 333, 143, 360, 33, 91, 227, 423, 10, 294, 52, 159, 145, 392, 337, 57, 92, 184, 338, 146, 101, 153, 129, 239, 319, 401, 80, 498, 206, 3, 268, 144, 374, 396, 442, 389, 141, 340, 179, 200, 222, 384, 40, 212, 345, 387, 403, 361, 189, 54, 426, 378, 155, 404, 215, 309, 157, 391, 447, 265, 481, 104, 424, 105, 420, 320, 468, 72, 93, 371, 302, 476, 32, 324, 16, 214, 84, 432, 161, 427, 413, 86, 61, 377, 486, 163, 328, 408, 369, 261, 453, 95, 290, 220, 24, 34, 175, 203, 192, 28, 98, 272, 76, 178, 23, 440, 164, 162, 170, 450, 362, 459, 35, 226, 370, 477, 330, 397, 264, 186, 31, 439, 223, 122, 304, 216, 50, 67, 373, 211, 286, 372, 418, 236, 394, 393, 488, 135, 218, 412, 242, 458, 209, 344, 291, 120, 279, 110, 480, 21, 248, 341, 415, 14, 59, 494, 400, 102, 452, 457, 303]
2.907,37,1880.443,18.607,10,PE
3.273,285,2193.201,15.877,11,PE
3.594,29,2253.910,15.439,11,PC
3.959,442,2441.043,14.229,11,PC
4.448,301,1898.273,18.426,10,PC
4.886,291,2652.152,13.075,11,PC
4.930,133,1795.091,19.527,10,PC
4.998,415,2694.277,12.867,11,PC
5.208,385,2033.663,17.160,10,PC
5.216,199,2045.339,17.059,10,PC
5.431,179,2430.885,14.290,11,PC
5.509,468,2467.809,14.071,11,PC
6.038,35,2563.641,13.535,11,PC
6.117,308,1893.415,18.475,10,PC
6.143,364,1893.255,18.476,10,PC
6.180,26,1940.016,18.016,10,PC
6.431,365,2356.193,14.753,11,PC
6.973,3,2408.705,14.424,11,PC
7.042,76,2539.267,13.668,11,PC
7.213,177,1896.048,18.448,10,PC
7.356,363,1777.610,19.727,10,PC
7.376,297,2290.367,15.187,11,PC
7.545,345,2431.633,14.285,11,PC
7.630,324,2477.617,14.015,11,PC
8.032,265,2440.843,14.230,11,PC
8.302,120,2627.038,13.203,11,PC
8.461,293,1805.813,19.406,10,PE
9.184,178,2525.953,13.741,11,PC
9.262,246,2226.059,15.637,11,PC
9.301,220,2506.843,13.848,11,PC
9.583,127,1839.574,19.036,10,PE
9.707,493,2304.760,15.090,11,PC
10.219,233,2104.489,16.565,10,PE
10.524,388,2183.832,15.947,11,PC
10.542,498,2380.132,14.601,11,PC
10.548,422,2252.873,15.446,11,PC
11.004,184,2358.145,14.740,11,PC
11.136,141,2385.813,14.565,11,PC
11.354,236,2574.363,13.478,11,PC
11.821,205,2228.579,15.618,11,PC
12.287,208,1932.720,18.086,10,PC
12.346,328,2473.609,14.038,11,PC
12.920,49,1955.232,17.871,10,PC
13.094,419,1768.987,19.827,10,PC
13.462,96,1903.137,18.377,10,PC
13.538,276,1924.235,18.168,10,PC
13.872,95,2478.085,14.012,11,PC
13.912,465,1835.792,19.077,10,PC
13.986,22,1793.027,19.550,10,PC
14.429,33,2308.068,15.068,11,PE
14.506,36,1687.211,20.831,10,PC
14.633,224,1847.157,18.955,10,PC
14.659,372,2551.402,13.601,11,PC
15.057,489,1771.848,19.793,10,PC
15.059,449,2054.504,16.980,10,PC
15.066,12,2044.440,17.066,10,PC
15.226,52,2313.223,15.033,11,PC
15.311,119,1688.385,20.816,10,PC
15.997,82,2086.490,16.712,10,PC
16.386,54,2375.884,14.628,11,PE
16.405,252,1938.652,18.029,10,PE
16.422,88,2184.522,15.942,11,PC
17.517,461,1981.922,17.622,10,PE
18.008,154,2271.795,15.314,11,PC
18.246,101,2320.107,14.988,11,PC
18.360,292,2267.665,15.343,11,PC
18.416,391,2368.432,14.675,11,PC
18.828,62,2059.389,16.939,10,PE
18.880,420,2378.118,14.614,11,PC
19.056,212,2348.553,14.802,11,PC
19.225,286,2518.539,13.782,11,PE
19.261,355,2148.429,16.217,10,PC
19.853,256,1717.156,20.452,10,PE
19.913,194,2232.502,15.590,11,PC
20.524,327,2063.372,16.905,10,PC
20.654,53,2184.245,15.944,11,PC
21.299,270,1892.002,18.489,10,PC
21.380,14,2584.662,13.423,11,PC
21.632,245,1726.426,20.337,10,PE
21.647,206,2303.211,15.100,11,PE
22.066,394,2500.499,13.884,11,PC
22.192,459,2452.106,14.163,11,PC
22.556,262,1878.218,18.630,10,PC
23.218,451,1955.431,17.869,10,PC
23.226,156,1909.243,18.316,10,PC
23.254,191,1840.968,19.021,10,PC
23.548,497,2158.750,16.137,10,PC
23.647,401,2288.100,15.202,11,PC
23.953,193,2198.943,15.834,11,PC
24.075,204,1767.812,19.840,10,PC
24.627,20,2078.051,16.782,10,PC
24.679,263,2190.605,15.896,11,PE
25.016,473,1907.203,18.336,10,PC
25.787,342,1785.845,19.632,10,PC
26.282,16,2348.556,14.802,11,PE
26.413,407,1700.021,20.667,10,PC
26.500,443,1834.499,19.091,10,PC
26.763,13,1762.320,19.905,10,PC
26.940,336,2007.242,17.393,10,PC
27.801,113,1807.341,19.389,10,PC
27.979,428,1701.990,20.642,10,PC
28.129,78,2032.986,17.165,10,PC
28.202,51,2122.181,16.423,10,PC
28.322,209,2481.431,13.993,11,PE
28.433,481,2301.835,15.109,11,PE
28.982,470,1698.915,20.681,10,PC
29.122,259,1649.706,21.328,10,PC
29.477,389,2261.107,15.388,11,PC
29.618,64,1929.494,18.117,10,PC
29.965,103,1930.857,18.104,10,PC
30.037,104,2287.739,15.205,11,PC
30.277,464,1639.139,21.472,10,PC
30.293,216,2428.973,14.301,11,PC
30.492,322,1949.263,17.927,10,PE
30.588,290,2361.681,14.718,11,PC
30.698,66,1628.227,21.623,10,PC
30.771,431,2034.996,17.148,10,PC
30.938,72,2297.329,15.140,11,PC
32.115,221,1788.476,19.602,10,PC
32.482,288,1671.041,21.042,10,PC
32.832,187,2112.387,16.501,10,PC
32.874,329,1563.374,22.568,10,PC
32.914,475,1892.605,18.483,10,PC
33.038,149,1903.498,18.373,10,PC
33.316,351,2050.619,17.013,10,PC
34.159,273,1777.471,19.728,10,PC
34.365,486,2319.748,14.990,11,PC
34.377,94,1805.028,19.415,10,PC
34.586,160,1535.176,23.006,9,PE
34.617,203,2340.121,14.856,11,PE
35.282,380,2013.116,17.340,10,PC
35.333,344,2433.057,14.277,11,PC
35.414,289,1673.595,21.009,10,PC
35.592,105,2257.875,15.411,11,PC
35.704,84,2288.330,15.201,11,PC
36.096,152,1965.677,17.773,10,PC
36.507,426,2236.379,15.563,11,PC
37.567,366,2059.413,16.939,10,PC
37.970,330,2362.692,14.711,11,PC
38.022,453,2306.209,15.080,11,PE
38.157,494,2475.389,14.027,11,PC
38.232,65,1952.293,17.898,10,PC
39.018,34,2300.128,15.121,11,PC
39.243,361,2213.941,15.724,11,PC
39.345,395,1621.104,21.723,10,PC
39.491,346,1876.514,18.647,10,PC
40.056,175,2294.455,15.159,11,PC
40.104,228,1635.446,21.523,10,PE
40.353,433,1779.771,19.702,10,PC
40.953,488,2379.325,14.606,11,PE
41.804,158,1994.194,17.510,10,PE
41.816,404,2206.459,15.779,11,PE
42.820,349,1554.300,22.707,10,PC
42.904,343,1785.095,19.640,10,PC
43.076,17,1622.321,21.706,10,PC
43.359,102,2474.386,14.033,11,PE
43.431,148,2096.683,16.629,10,PC
43.473,450,2304.846,15.089,11,PE
43.584,111,1828.419,19.157,10,PC
43.781,181,1452.526,24.398,9,PE
43.801,46,1708.350,20.562,10,PC
44.207,425,1984.642,17.597,10,PC
44.226,10,2112.935,16.497,10,PC
44.497,108,1647.840,21.353,10,PC
44.552,5,1655.601,21.248,10,PC
44.770,280,1993.451,17.517,10,PC
44.942,30,1490.991,23.729,9,PE
45.224,474,1800.474,19.466,10,PC
45.684,490,1524.564,23.176,9,PE
45.811,41,1734.605,20.237,10,PE
46.061,202,1688.597,20.813,10,PC
46.557,214,2214.460,15.721,11,PE
47.038,125,1786.108,19.629,10,PC
47.311,299,1968.584,17.745,10,PC
47.357,59,2405.076,14.446,11,PE
47.531,173,1992.248,17.528,10,PC
48.346,251,1707.092,20.578,10,PC
48.375,243,2009.583,17.372,10,PC
48.785,362,2267.438,15.344,11,PE
49.004,182,1405.713,25.267,9,PE
49.010,418,2312.767,15.036,11,PE
49.019,347,1828.075,19.160,10,PC
49.158,222,2129.241,16.367,10,PC
49.173,268,2116.474,16.469,10,PC
49.257,121,1596.828,22.070,10,PC
49.585,47,1987.038,17.575,10,PC
49.706,114,1492.194,23.709,9,PE
50.105,9,2012.686,17.344,10,PC
50.428,99,1645.359,21.387,10,PC
50.781,71,1563.810,22.562,10,PC
50.849,117,1717.208,20.451,10,PC
50.862,377,2210.573,15.749,11,PC
51.133,348,1856.471,18.856,10,PC
51.158,172,1897.042,18.438,10,PC
51.332,487,2029.305,17.198,10,PC
51.344,260,1789.801,19.587,10,PC
51.556,454,1826.864,19.174,10,PC
51.833,479,1582.912,22.275,10,PC
52.114,210,1467.111,24.140,9,PC
52.175,50,2276.661,15.280,11,PC
52.217,110,2330.391,14.920,11,PE
52.227,31,2269.283,15.331,11,NP
52.238,69,2018.018,17.297,10,PC
52.335,448,1820.761,19.240,10,PC
52.507,335,1450.810,24.429,9,PC
52.550,298,1953.412,17.888,10,PC
52.819,302,2155.628,16.161,10,PC
52.953,93,2159.488,16.132,10,PC
53.037,435,1429.554,24.816,9,PE
53.104,42,1562.008,22.589,10,PC
53.256,350,1981.620,17.625,10,PE
53.917,367,1678.438,20.945,10,PC
54.102,225,1652.536,21.289,10,PC
54.554,429,1930.058,18.112,10,PC
54.770,180,1459.501,24.274,9,PE
54.954,483,1917.180,18.238,10,PC
54.965,370,2234.744,15.574,11,PE
55.193,278,1555.752,22.685,10,PC
55.266,396,2086.831,16.709,10,PC
55.926,83,1728.302,20.314,10,PC
56.140,414,1766.077,19.861,10,PC
56.562,151,1956.538,17.858,10,PC
56.591,485,1638.476,21.481,10,PC
56.623,359,1990.601,17.543,10,PE
56.944,458,2289.874,15.190,11,PC
57.117,272,2194.948,15.864,11,PC
57.619,146,2047.355,17.041,10,PC
58.024,86,2147.848,16.221,10,PC
58.217,393,2255.375,15.428,11,PC
58.223,218,2273.908,15.299,11,PC
58.260,313,1844.099,18.988,10,PC
58.510,79,1998.137,17.474,10,PC
58.516,319,2046.104,17.052,10,PC
58.867,244,1458.571,24.290,9,PE
58.917,186,2226.765,15.631,11,PC
59.035,373,2233.462,15.583,11,PC
59.092,161,2135.047,16.321,10,PC
59.361,409,1938.136,18.034,10,PC
59.641,374,2048.042,17.035,10,PC
59.683,480,2287.444,15.207,11,PE
60.559,23,2173.513,16.025,10,PC
61.058,257,1750.442,20.046,10,PC
61.239,80,2025.090,17.234,10,PC
61.316,264,2209.795,15.755,11,PE
61.472,484,1701.713,20.646,10,PC
62.027,61,2119.660,16.443,10,PE
62.185,147,1830.097,19.138,10,PC
62.262,318,1473.766,24.024,9,PE
62.290,307,1734.852,20.234,10,PC
62.618,68,1625.546,21.661,10,PC
62.936,315,1856.167,18.859,10,PC
62.958,126,1686.486,20.841,10,PC
63.218,266,1709.752,20.544,10,PC
63.332,21,2265.277,15.359,11,PE
63.421,397,2186.489,15.927,11,PE
63.465,229,1723.648,20.371,10,PC
63.524,371,2077.022,16.791,10,PC
63.664,60,1623.923,21.683,10,PC
63.793,237,1764.405,19.880,10,PC
63.813,27,1472.864,24.040,9,PC
64.472,283,1955.822,17.865,10,PC
64.586,323,1687.609,20.826,10,PC
64.743,398,1427.249,24.859,9,PC
64.871,382,1684.544,20.866,10,PC
64.947,460,1505.112,23.493,9,PE
65.059,40,2024.204,17.242,10,PC
65.361,11,1849.112,18.934,10,PC
65.402,423,1959.625,17.829,10,PE
65.610,491,1540.653,22.920,10,PC
65.748,240,1699.384,20.675,10,PC
66.073,176,1655.882,21.244,10,PC
66.368,269,1473.766,24.024,9,PE
66.614,231,1874.024,18.673,10,PC
66.802,405,1825.718,19.186,10,PC
67.041,241,1593.125,22.124,10,PC
67.256,447,2034.979,17.148,10,PC
67.463,144,1993.556,17.516,10,PC
67.537,492,1886.188,18.548,10,PC
67.578,314,1933.479,18.079,10,PC
67.772,159,1955.479,17.868,10,PC
67.846,411,1344.357,26.507,9,PE
67.911,112,1673.719,21.007,10,PC
68.098,369,2090.479,16.679,10,PC
68.159,195,1332.558,26.760,9,PE
68.674,469,1628.942,21.613,10,PC
69.603,455,1779.557,19.704,10,PC
69.880,310,1621.515,21.717,10,PE
69.950,58,1668.177,21.080,10,PE
69.952,213,1609.621,21.886,10,PC
70.523,341,2238.511,15.547,11,PC
71.252,234,1759.032,19.944,10,PC
71.383,1,1427.710,24.851,9,PC
71.395,167,1367.361,26.027,9,PC
71.766,248,2212.846,15.732,11,PC
72.208,198,1809.714,19.363,10,PC
72.401,106,1820.219,19.246,10,PC
72.479,294,1917.610,18.233,10,PC
72.589,311,1560.859,22.607,10,PC
72.723,196,1545.725,22.841,10,PC
73.733,434,1681.291,20.908,10,PC
73.834,305,1655.021,21.256,10,PC
73.886,235,1583.688,22.263,10,PC
74.009,67,2130.194,16.360,10,PC
74.601,368,1723.221,20.376,10,PC
74.639,4,1782.502,19.670,10,PC
75.105,399,1695.398,20.726,10,PC
75.195,134,1819.683,19.252,10,PC
75.254,295,1676.721,20.968,10,PC
75.644,122,2110.706,16.515,10,PC
75.653,140,1732.379,20.264,10,PC
75.701,70,1235.239,29.061,9,PC
76.080,413,2017.687,17.300,10,PC
76.527,24,2041.973,17.088,10,PC
76.709,32,1993.221,17.519,10,PC
76.730,165,1683.059,20.885,10,PC
76.780,18,1528.653,23.110,9,PC
76.780,6,1470.054,24.089,9,PC
76.836,227,1886.008,18.550,10,PC
77.626,137,1467.296,24.137,9,PC
77.685,87,1481.552,23.890,9,PC
77.935,98,2045.870,17.054,10,PC
78.308,430,1355.528,26.272,9,PC
78.655,352,1551.867,22.745,10,PC
78.925,320,1968.894,17.743,10,PC
79.099,132,1419.127,25.011,9,PC
79.203,239,1907.091,18.338,10,PC
79.946,357,1327.343,26.874,9,PC
80.044,130,1318.702,27.064,9,PC
80.165,7,1828.722,19.153,10,PC
80.319,238,1715.577,20.471,10,PC
80.533,115,1839.443,19.037,10,PC
80.642,92,1882.812,18.583,10,PC
80.725,226,2065.727,16.885,10,PC
80.857,337,1878.484,18.627,10,PC
81.021,376,1343.383,26.528,9,PC
81.065,390,1763.068,19.896,10,PC
81.413,131,1799.796,19.474,10,PC
81.669,143,1849.365,18.931,10,PC
81.722,267,1361.204,26.154,9,PC
81.957,200,1921.088,18.199,10,PC
82.292,462,1328.432,26.850,9,PE
82.304,467,1804.583,19.420,10,PC
82.579,325,1339.572,26.609,9,PC
82.840,332,1687.209,20.831,10,PC
83.090,142,1493.375,23.689,9,PC
83.136,45,1452.434,24.400,9,PC
83.230,277,1457.930,24.302,9,PC
83.506,2,1475.136,24.000,9,PC
83.527,109,1362.006,26.137,9,PC
83.825,379,1360.353,26.172,9,PC
83.842,386,1666.726,21.099,10,PE
84.174,326,1435.770,24.702,9,PC
84.289,477,2027.315,17.215,10,PE
84.591,128,1509.740,23.417,9,PE
85.035,338,1851.631,18.907,10,PE
85.895,441,1716.627,20.458,10,PC
86.052,306,1274.718,28.079,9,PC
86.542,274,1511.708,23.385,9,PC
86.803,496,1244.796,28.817,9,PC
86.830,316,1554.006,22.712,10,PC
87.175,400,2164.796,16.091,10,PC
87.245,284,1276.414,28.039,9,PC
87.275,89,1268.856,28.221,9,PC
87.556,91,1827.047,19.172,10,PC
87.764,39,1151.685,31.398,9,PC
87.983,57,1827.285,19.169,10,PC
88.512,145,1832.181,19.116,10,PC
88.845,73,1373.417,25.904,9,PC
89.211,28,1975.097,17.685,10,PC
89.265,446,1688.585,20.813,10,PC
89.416,63,1668.019,21.082,10,PC
89.602,15,1381.789,25.736,9,PC
90.341,232,1386.003,25.652,9,PE
90.551,375,1542.351,22.893,10,PC
90.678,116,1261.933,28.389,9,PC
90.800,463,1216.705,29.547,9,PC
90.904,304,2020.908,17.271,10,PC
91.163,403,1859.042,18.829,10,PC
91.197,223,1998.885,17.468,10,PC
91.763,478,1635.752,21.519,10,PC
91.965,281,1707.811,20.569,10,PC
92.048,309,1855.927,18.862,10,PC
92.098,457,2150.048,16.204,10,PC
92.121,402,1354.113,26.301,9,PE
92.244,436,1113.611,32.601,9,PC
92.368,445,1616.334,21.790,10,PC
92.558,438,1202.902,29.920,9,PE
92.566,421,1569.939,22.469,10,PC
93.121,250,1143.154,31.659,9,PC
93.275,408,1924.253,18.168,10,PC
93.289,150,1677.919,20.952,10,PC
93.787,471,1726.898,20.331,10,PC
94.489,258,1413.961,25.109,9,PC
94.687,162,1954.318,17.879,10,PC
94.959,378,1839.235,19.040,10,PC
95.206,75,1648.659,21.342,10,PC
95.363,43,1329.973,26.817,9,PE
95.394,38,1373.864,25.895,9,PC
95.445,249,1729.828,20.295,10,PC
95.500,261,1913.314,18.276,10,PC
95.743,416,1644.245,21.402,10,PC
96.025,25,1198.209,30.049,9,PE
96.097,129,1787.494,19.613,10,PC
96.194,279,2027.238,17.216,10,PC
96.241,90,1670.448,21.050,10,PC
96.420,44,1573.277,22.419,10,PC
96.486,19,1615.153,21.807,10,PC
96.993,340,1824.234,19.202,10,PC
97.114,201,1310.191,27.255,9,PE
97.207,303,2127.529,16.381,10,PC
97.647,242,2001.717,17.442,10,PC
97.758,439,1957.305,17.851,10,PC
98.084,424,1830.676,19.132,10,PC
98.323,383,1591.322,22.151,10,PC
98.584,333,1725.246,20.351,10,PC
98.721,107,1521.366,23.227,9,PC
98.751,188,1361.749,26.143,9,PE
98.752,219,1508.122,23.444,9,PC
98.992,153,1775.337,19.753,10,PC
99.110,217,1523.244,23.197,9,PC
99.127,171,1660.467,21.183,10,PC
99.507,466,1595.409,22.091,10,PC
100.030,271,1379.566,25.780,9,PC
100.093,190,1306.571,27.337,9,PC
100.145,97,1201.840,29.949,9,PC
100.147,417,1441.753,24.592,9,PC
100.192,100,1412.330,25.140,9,PC
100.217,166,1376.381,25.844,9,PC
100.528,135,1969.458,17.737,10,PC
100.572,432,1840.542,19.026,10,PC
100.732,197,1532.906,23.042,9,PE
100.754,55,1228.538,29.235,9,PC
100.776,211,1952.914,17.893,10,PC
100.927,155,1798.603,19.487,10,PE
101.197,440,1913.877,18.270,10,PC
101.629,482,1365.885,26.058,9,PC
101.796,139,1188.681,30.315,9,PC
102.003,123,1296.012,27.578,9,PC
102.022,118,1609.551,21.887,10,PC
102.389,444,1411.470,25.156,9,PC
102.976,452,2077.133,16.790,10,PC
103.111,8,1396.495,25.445,9,PE
103.321,230,1160.886,31.121,9,PE
103.366,169,1156.135,31.263,9,PC
103.422,381,1629.626,21.604,10,PC
103.785,317,1654.077,21.269,10,PC
104.092,384,1767.447,19.845,10,PC
104.290,253,1385.447,25.663,9,PC
105.077,48,1602.849,21.983,10,PC
105.096,456,1268.500,28.229,9,PC
105.291,334,1155.423,31.285,9,PE
105.291,296,1498.258,23.607,9,PC
105.394,254,1683.293,20.882,10,PC
105.394,495,1473.331,24.032,9,PC
105.466,321,1468.853,24.110,9,PC
105.487,56,1118.454,32.443,9,PC
105.580,392,1698.358,20.688,10,NP
105.675,138,1214.523,29.605,9,PC
105.884,356,1687.957,20.822,10,NP
106.253,353,1126.922,32.169,9,PC
106.305,163,1829.184,19.148,10,PC
107.495,189,1771.742,19.795,10,PC
107.609,215,1753.111,20.014,10,PC
107.688,300,1557.302,22.661,10,PC
107.734,85,1345.700,26.479,9,PE
107.736,339,1351.658,26.353,9,PC
107.762,358,1381.836,25.735,9,PC
107.910,136,1122.132,32.323,9,PC
107.938,174,1171.557,30.806,9,PC
108.275,427,1794.510,19.533,10,PC
108.339,0,1500.046,23.577,9,PC
108.427,81,1095.597,33.206,9,PC
108.450,410,1618.170,21.764,10,PC
108.948,282,1441.904,24.590,9,PC
109.160,275,1274.868,28.076,9,PC
109.570,247,1552.919,22.729,10,PC
109.825,287,1439.951,24.625,9,PC
110.083,387,1748.349,20.071,10,PC
110.119,437,1222.485,29.393,9,PC
110.312,499,1169.540,30.865,9,PC
110.496,157,1743.684,20.127,10,PC
111.339,74,1471.827,24.058,9,PC
111.414,207,1442.359,24.581,9,PC
111.615,77,1281.931,27.907,9,PE
112.030,170,1825.391,19.190,10,PE
112.087,360,1632.993,21.557,10,PC
112.216,412,1897.643,18.432,10,PC
112.637,183,1276.032,28.048,9,PC
112.774,312,1530.857,23.075,9,PC
112.814,168,1331.954,26.774,9,PC
112.962,192,1801.049,19.459,10,PC
113.254,406,1030.298,35.616,8,PE
113.391,476,1738.883,20.185,10,PC
113.466,124,1263.854,28.342,9,PC
113.668,164,1820.119,19.247,10,PE
114.267,472,1442.273,24.583,9,PE
114.348,354,1503.086,23.527,9,PC
114.540,185,1109.311,32.743,9,PC
115.035,331,1387.719,25.618,9,PC
115.060,255,1590.247,22.167,10,PE
122.000,B,[436, 39, 70, 182, 181, 250, 406, 160, 329, 36, 195, 435, 30, 411, 119, 81, 335, 56, 438, 463, 496, 210, 136, 353, 114, 180, 133, 363, 169, 490, 230, 25, 66, 349, 167, 464, 334, 306, 89, 259, 244, 130, 185, 357, 284, 139, 419, 398, 97, 116, 256, 174, 489, 462, 293, 430, 407, 22, 376, 395, 325, 55, 499, 245, 288, 318, 470, 428, 27, 71, 267, 127, 1, 228, 138, 109, 17, 379, 269, 42, 37, 479, 121, 289, 301, 204, 465, 278, 460, 177, 201, 224, 132, 437, 5, 13, 308, 73, 108, 43, 456, 364, 123, 402, 190, 15, 26, 491, 232, 6, 342, 137, 96, 99, 326, 191, 87, 275, 202, 221, 38, 45, 77, 443, 46, 113, 273, 188, 124, 277, 485, 208, 183, 225, 482, 276, 2, 196, 94, 258, 49, 367, 18, 41, 270, 339, 251, 241, 166, 311, 271, 60, 433, 68, 262, 142, 168, 117, 85, 156, 385, 252, 343, 473, 128, 213, 199, 235, 352, 253, 100, 469, 8, 310, 274, 358, 461, 444, 83, 176, 125, 474, 126, 475, 417, 451, 382, 484, 323, 103, 112, 111, 149, 316, 260, 58, 64, 266, 240, 346, 12, 375, 414, 305, 229, 322, 307, 347, 331, 287, 282, 495, 257, 219, 449, 233, 448, 207, 434, 454, 321, 62, 336, 107, 82, 295, 217, 421, 237, 296, 165, 348, 399, 327, 197, 472, 152, 65, 285, 74, 78, 44, 0, 368, 386, 431, 313, 20, 445, 234, 140, 332, 172, 455, 380, 147, 388, 478, 383, 238, 354, 466, 19, 29, 63, 312, 158, 300, 405, 315, 351, 355, 246, 425, 483, 4, 416, 299, 75, 247, 11, 446, 441, 88, 429, 205, 198, 280, 118, 298, 366, 106, 150, 173, 497, 390, 51, 48, 90, 53, 422, 47, 231, 281, 381, 187, 134, 171, 243, 151, 409, 350, 297, 492, 131, 410, 193, 9, 263, 255, 317, 471, 194, 467, 359, 69, 493, 7, 487, 249, 115, 292, 254, 314, 356, 154, 333, 148, 283, 79, 360, 365, 33, 143, 423, 227, 294, 159, 52, 392, 91, 10, 57, 337, 145, 92, 184, 338, 146, 80, 401, 129, 319, 153, 206, 239, 3, 101, 498, 374, 144, 268, 141, 389, 179, 222, 396, 40, 442, 384, 200, 340, 345, 212, 361, 426, 403, 378, 155, 215, 54, 404, 309, 391, 387, 104, 481, 157, 447, 189, 265, 105, 424, 468, 72, 320, 420, 371, 302, 476, 32, 93, 324, 16, 432, 84, 214, 427, 413, 161, 61, 86, 486, 328, 377, 163, 369, 408, 95, 261, 24, 220, 34, 290, 175, 453, 192, 203, 98, 28, 178, 23, 272, 76, 170, 164, 362, 162, 35, 450, 459, 440, 477, 370, 226, 330, 397, 439, 223, 186, 122, 31, 264, 50, 216, 304, 373, 67, 211, 372, 236, 418, 286, 394, 393, 488, 135, 412, 242, 344, 209, 218, 291, 458, 120, 279, 110, 480, 21, 248, 341, 415, 14, 59, 494, 400, 102, 452, 457, 303]
122.661,4,1477.876,23.953,9,PE
122.813,438,1021.526,35.970,8,PE
123.158,370,1760.547,19.926,10,PC
123.560,423,1566.927,22.514,10,PC
123.612,455,1434.085,24.733,9,PC
123.757,287,1354.132,26.301,9,PE
124.080,163,1708.007,20.566,10,PC
124.086,251,1257.520,28.498,9,PC
124.183,168,1264.894,28.317,9,PC
124.229,256,1074.499,33.945,8,PE
124.617,162,1753.044,20.015,10,PC
124.651,116,1054.304,34.687,8,PC
125.273,380,1406.149,25.258,9,PC
125.309,76,1747.454,20.082,10,PC
125.473,65,1370.987,25.953,9,PC
125.524,147,1408.488,25.213,9,PC
125.691,463,1005.811,36.622,8,PC
125.725,432,1670.743,21.046,10,PC
125.738,338,1580.768,22.307,10,PC
125.791,34,1708.982,20.554,10,PC
126.416,381,1477.446,23.960,9,PC
126.639,158,1425.811,24.886,9,PC
126.975,122,1761.089,19.919,10,PC
127.038,191,1156.009,31.267,9,PC
127.050,351,1440.405,24.617,9,PC
127.061,474,1256.257,28.529,9,PC
127.363,347,1308.021,27.304,9,PC
127.731,445,1384.060,25.690,9,PC
128.104,235,1247.055,28.759,9,PC
128.270,38,1171.464,30.809,9,PC
128.392,140,1379.942,25.773,9,PC
128.658,358,1252.694,28.618,9,PC
129.832,406,938.995,39.716,8,PE
129.835,75,1431.544,24.780,9,PE
130.274,9,1471.361,24.066,9,PE
130.757,205,1421.600,24.965,9,PC
130.955,45,1168.350,30.900,9,PC
131.075,495,1320.096,27.034,9,PC
131.748,230,1002.407,36.767,8,PC
132.081,411,956.458,38.852,8,PE
132.356,444,1219.853,29.463,9,PC
132.413,173,1422.138,24.955,9,PE
132.458,109,1085.673,33.549,8,PC
132.521,218,1778.014,19.722,10,PE
132.712,81,955.377,38.905,8,PC
132.933,494,1833.494,19.102,10,PE
133.147,208,1149.391,31.468,9,PC
133.261,15,1104.899,32.891,9,PE
133.845,80,1535.192,23.006,9,PC
133.889,447,1593.204,22.123,10,PE
134.487,492,1437.518,24.670,9,PC
134.673,466,1366.606,26.043,9,PC
134.818,379,1042.021,35.156,8,PE
135.313,366,1396.689,25.441,9,PC
135.880,409,1430.720,24.795,9,PC
136.150,222,1536.129,22.991,10,PE
136.178,272,1665.438,21.117,10,PC
136.197,487,1454.645,24.360,9,PC
136.672,290,1640.007,21.460,10,PC
136.705,51,1408.079,25.221,9,PE
136.727,275,1107.267,32.811,9,PC
137.532,394,1719.817,20.418,10,PC
137.644,271,1148.899,31.483,9,PC
137.714,32,1578.178,22.345,10,PC
137.725,155,1548.785,22.793,10,PC
138.135,144,1514.517,23.339,9,PC
138.294,244,976.774,37.899,8,PE
138.363,98,1629.808,21.601,10,PC
139.439,344,1716.674,20.458,10,PE
139.597,416,1360.903,26.160,9,PE
139.629,369,1606.571,21.930,10,PC
139.697,489,977.035,37.887,8,PC
140.707,490,946.919,39.319,8,PC
140.820,22,980.397,37.734,8,PC
141.494,35,1636.135,21.513,10,PE
141.652,425,1340.676,26.586,9,PC
141.710,236,1679.752,20.928,10,PE
141.817,181,859.009,44.305,8,PC
142.249,249,1415.652,25.077,9,PC
142.343,384,1519.671,23.255,9,PC
142.537,250,866.387,43.831,8,PC
142.546,354,1331.102,26.792,9,PC
143.163,88,1340.145,26.597,9,PC
143.441,207,1253.491,28.598,9,PC
143.775,484,1200.056,29.998,9,PC
143.876,27,1003.652,36.714,8,PE
144.318,382,1165.050,30.997,9,PC
144.320,237,1228.885,29.225,9,PC
144.361,226,1643.681,21.410,10,PC
144.472,274,1149.793,31.455,9,PC
144.509,473,1124.374,32.251,9,PC
144.597,426,1499.273,23.590,9,PC
144.862,134,1358.509,26.210,9,PC
145.172,204,991.632,37.233,8,PE
145.379,86,1566.857,22.515,10,PC
145.515,471,1391.981,25.534,9,PC
145.612,151,1358.901,26.202,9,PC
145.682,393,1669.516,21.062,10,PE
146.040,334,915.693,40.938,8,PC
146.312,70,829.387,46.338,8,PE
146.603,115,1420.732,24.981,9,PC
146.642,124,1061.885,34.405,8,PE
146.655,418,1658.100,21.214,10,PC
146.833,314,1420.419,24.987,9,PC
146.858,206,1453.067,24.388,9,PC
146.906,329,861.801,44.124,8,PC
146.992,69,1387.359,25.625,9,PC
147.195,285,1233.224,29.113,9,PC
147.281,225,1085.726,33.547,9,PC
147.546,451,1164.521,31.013,9,PC
147.707,415,1722.621,20.384,10,PC
148.006,220,1553.893,22.714,10,PC
148.058,106,1351.172,26.363,9,PC
148.373,102,1762.571,19.902,10,PC
148.459,258,1112.459,32.639,9,PC
148.839,126,1134.446,31.931,9,PC
148.974,403,1479.294,23.929,9,PC
149.018,440,1600.767,22.013,10,PC
149.383,118,1301.580,27.450,9,PC
149.755,367,1071.357,34.058,8,PE
150.045,43,1000.002,36.870,8,PC
150.099,308,1039.304,35.262,8,PE
150.280,57,1407.232,25.237,9,PE
150.900,214,1520.369,23.244,9,PC
151.325,385,1082.246,33.670,8,PC
151.588,387,1489.044,23.762,9,PC
152.633,36,840.383,45.558,8,PC
153.119,328,1507.348,23.456,9,PC
153.242,105,1468.508,24.116,9,PC
153.381,408,1528.738,23.109,9,PC
153.456,434,1158.680,31.187,9,PC
153.566,448,1156.533,31.251,9,PC
153.654,8,1080.484,33.732,8,PC
153.745,211,1592.887,22.128,10,PE
154.035,435,832.034,46.147,8,PC
154.210,407,900.374,41.789,8,PC
154.401,165,1214.000,29.619,9,PC
154.440,316,1126.147,32.194,9,PE
154.621,201,996.826,37.007,8,PC
155.208,413,1484.032,23.848,9,PC
155.743,37,998.453,36.937,8,PC
155.761,16,1467.247,24.138,9,PC
156.083,282,1146.375,31.560,9,PE
156.223,185,873.513,43.384,8,PC
156.594,332,1209.678,29.736,9,PC
156.733,202,1012.738,36.331,8,PC
156.836,199,1055.066,34.659,8,PC
157.006,398,880.062,42.982,8,PC
157.074,259,867.345,43.770,8,PC
157.149,195,812.327,47.614,8,PC
157.181,422,1273.975,28.097,9,PC
157.429,294,1347.214,26.447,9,PC
157.594,280,1286.047,27.810,9,PC
157.771,318,899.419,41.843,8,PC
157.794,150,1255.774,28.541,9,PC
157.883,85,1045.506,35.022,8,PC
157.943,6,1024.055,35.867,8,PC
157.984,219,1129.334,32.092,9,PC
158.133,297,1299.857,27.490,9,PC
158.187,345,1402.436,25.330,9,PC
158.895,399,1157.181,31.232,9,PC
159.067,11,1255.076,28.559,9,PC
159.352,396,1416.598,25.059,9,PC
159.562,368,1169.975,30.853,9,PC
159.603,499,901.211,41.742,8,PE
160.308,176,1053.349,34.723,8,PE
160.423,371,1426.535,24.872,9,PC
160.450,5,932.201,40.064,8,PC
160.813,304,1558.937,22.636,10,PE
161.431,128,1025.411,35.812,8,PC
161.543,483,1212.386,29.663,9,PC
161.729,470,892.960,42.216,8,PC
161.992,112,1066.256,34.244,8,PC
162.878,74,1157.882,31.211,9,PE
162.991,260,1068.279,34.170,8,PC
163.496,153,1352.832,26.328,9,PE
163.998,342,1028.730,35.679,8,PC
164.131,270,1010.149,36.439,8,PC
164.229,133,824.656,46.684,8,PC
164.479,166,983.318,37.602,8,PC
164.506,477,1484.365,23.842,9,PC
164.692,269,886.209,42.613,8,PC
164.804,460,905.463,41.502,8,PC
164.934,322,1083.564,33.623,8,PC
164.971,323,1044.845,35.047,8,PC
164.983,306,821.287,46.933,8,NP
165.319,430,858.484,44.339,8,PC
165.339,238,1187.290,30.355,9,PC
165.699,292,1282.899,27.885,9,PC
165.998,362,1469.090,24.105,9,PC
166.574,146,1315.777,27.130,9,PC
166.609,491,923.643,40.512,8,PE
166.981,356,1311.994,27.214,9,PC
167.263,56,779.569,50.323,8,PC
167.482,467,1246.581,28.771,9,PC
167.773,417,1021.605,35.966,8,PC
168.013,93,1412.105,25.144,9,PC
168.171,262,1046.503,34.983,8,PC
168.368,273,960.244,38.671,8,PC
168.542,245,897.938,41.928,8,PE
168.766,200,1360.804,26.162,9,PC
168.806,139,808.537,47.909,8,PC
169.115,184,1292.973,27.649,9,PC
169.168,48,1187.129,30.359,9,PE
170.088,10,1298.089,27.530,9,PC
170.654,405,1148.150,31.505,9,PC
170.672,221,911.648,41.159,8,PC
170.810,307,1082.431,33.663,8,PE
171.396,33,1250.211,28.680,9,PE
171.677,310,1013.159,36.314,8,PC
171.826,331,1036.703,35.363,8,PC
172.315,113,1001.977,36.785,8,PC
172.492,13,938.994,39.716,8,PC
172.546,231,1217.639,29.522,9,PC
172.926,325,823.779,46.748,8,PC
172.931,286,1493.874,23.681,9,PE
173.020,107,1045.560,35.020,8,PC
173.320,227,1252.266,28.629,9,PE
173.617,164,1421.178,24.973,9,PC
173.760,428,876.178,43.219,8,PC
173.879,197,1073.138,33.994,8,PC
174.134,12,1002.735,36.753,8,PC
174.932,239,1292.206,27.666,9,PE
174.956,348,1055.732,34.634,8,PC
175.104,482,989.218,37.340,8,PC
175.157,72,1317.829,27.084,9,PC
175.471,452,1596.248,22.079,10,PE
175.650,31,1448.997,24.461,9,PC
175.731,129,1272.051,28.143,9,PC
175.789,414,1033.079,35.506,8,PC
176.047,18,908.318,41.343,8,PE
176.331,110,1484.955,23.832,9,PC
176.445,390,1140.006,31.757,9,PE
176.574,212,1290.221,27.713,9,PC
176.620,62,1021.248,35.981,8,PC
176.674,391,1299.271,27.503,9,PC
177.203,429,1121.074,32.358,9,PC
177.262,485,884.715,42.702,8,PC
177.441,172,1085.839,33.543,8,PC
177.570,99,926.024,40.386,8,PC
177.780,424,1320.753,27.019,9,PC
178.468,121,818.959,47.108,8,PC
178.826,283,1246.670,28.769,9,PC
179.387,2,963.305,38.525,8,PC
179.467,295,1012.377,36.346,8,PC
179.651,229,983.918,37.576,8,PC
179.909,47,1135.435,31.900,9,PC
180.360,216,1413.510,25.117,9,PE
180.451,61,1342.368,26.550,9,PC
181.256,215,1263.362,28.354,9,PC
181.280,257,1019.309,36.060,8,PC
181.655,465,836.923,45.800,8,PE
182.009,78,1023.766,35.879,8,PC
182.115,91,1243.082,28.860,9,PE
182.148,479,798.420,48.719,8,PC
182.841,30,709.759,57.710,7,PC
183.137,135,1408.974,25.204,9,PC
183.276,246,1069.063,34.142,8,PC
183.425,365,1189.992,30.279,9,PC
183.494,361,1244.971,28.812,9,PC
183.571,24,1321.443,27.004,9,PC
183.592,97,770.532,51.140,7,PC
183.735,317,1133.370,31.965,9,PC
184.001,42,783.233,50.001,8,PC
184.136,457,1542.474,22.891,10,NP
184.162,480,1440.843,24.609,9,PC
184.266,25,725.896,55.747,7,NP
184.360,301,804.976,48.190,8,PC
184.415,193,1125.138,32.227,9,PC
184.440,20,1030.161,35.622,8,PC
184.580,14,1474.828,24.006,9,PE
185.120,178,1328.750,26.843,9,PC
185.584,137,827.459,46.478,8,PC
186.316,359,1129.235,32.096,9,PC
186.556,175,1306.606,27.336,9,PC
186.642,321,963.326,38.524,8,PC
186.861,60,861.478,44.145,8,PC
187.316,375,969.268,38.245,8,PC
187.349,17,773.625,50.857,8,PC
187.648,303,1533.202,23.038,9,PC
187.656,223,1352.116,26.343,9,PC
188.122,79,1158.709,31.186,9,PC
188.158,169,727.697,55.540,7,PC
188.258,488,1389.089,25.591,9,PC
188.410,96,807.127,48.020,8,PC
188.447,419,722.123,56.190,7,PC
188.938,171,1091.010,33.364,9,PC
189.481,252,973.576,38.045,8,PE
190.039,66,724.610,55.897,7,PE
190.417,498,1199.347,30.018,9,PC
191.045,71,740.517,54.120,7,PE
191.337,324,1237.041,29.014,9,PC
191.653,148,1156.563,31.250,9,PE
191.752,355,1055.301,34.650,8,PC
191.959,82,940.577,39.636,8,PE
192.008,196,833.791,46.022,8,PC
192.067,100,858.811,44.318,8,PC
192.186,450,1317.475,27.092,9,PC
192.977,243,1079.116,33.780,8,PC
193.016,114,684.035,61.300,7,PE
193.359,459,1299.867,27.489,9,PE
193.868,0,996.471,37.022,8,PC
194.043,475,901.847,41.705,8,PC
194.160,497,1035.064,35.428,8,PC
194.357,59,1412.330,25.140,9,PE
194.475,156,845.488,45.206,8,PC
194.989,136,710.092,57.668,7,PE
195.067,141,1147.629,31.521,9,PC
195.102,58,889.196,42.436,8,PC
195.212,312,1068.526,34.161,8,PC
195.226,410,1062.329,34.388,8,PC
195.543,436,637.590,70.228,7,PC
195.640,189,1232.135,29.141,9,PC
196.046,335,686.610,60.910,7,PC
196.292,87,803.039,48.345,8,PC
196.381,288,724.480,55.912,7,PC
196.605,26,768.267,51.350,7,PC
196.633,125,856.113,44.495,8,PC
196.806,192,1244.739,28.818,9,PC
196.912,1,737.237,54.474,7,PC
197.617,104,1171.811,30.799,9,PE
197.713,253,846.631,45.129,8,PC
197.828,55,736.866,54.514,7,PC
198.092,130,733.054,54.934,7,PC
198.214,300,1019.622,36.047,8,PC
198.576,210,665.752,64.321,7,PC
198.915,284,687.334,60.802,7,PC
199.129,427,1193.563,30.179,9,PE
199.292,339,927.088,40.330,8,PC
199.474,400,1430.119,24.806,9,PC
199.559,372,1291.517,27.682,9,PC
199.577,454,935.527,39.893,8,PC
199.740,431,939.057,39.713,8,PE
199.849,291,1320.537,27.024,9,PC
200.080,28,1265.623,28.299,9,PC
200.123,132,728.679,55.427,7,NP
200.132,254,1111.622,32.667,9,PC
200.280,341,1370.469,25.964,9,PC
200.820,401,1104.688,32.898,9,PC
201.082,360,1062.586,34.379,8,PC
201.185,89,670.134,63.553,7,PE
201.223,187,1012.118,36.357,8,PC
201.345,350,1013.298,36.308,8,PE
201.754,44,933.448,39.999,8,PC
201.865,336,892.580,42.238,8,PC
201.937,160,638.491,70.004,7,PC
201.991,52,1083.720,33.618,8,PC
202.108,357,675.325,62.681,7,NP
202.252,152,909.288,41.289,8,PC
203.083,349,697.968,59.276,7,PC
204.104,94,763.733,51.778,7,PC
204.483,53,992.287,37.205,8,PC
204.631,101,1128.496,32.119,9,PE
205.160,441,968.434,38.284,8,PE
205.235,327,925.204,40.429,8,PC
206.134,41,791.157,49.322,8,PC
206.311,276,845.515,45.205,8,PE
206.949,198,953.022,39.019,8,PC
207.142,183,751.120,53.016,7,PC
207.214,149,855.635,44.526,8,PC
207.254,302,1126.111,32.195,9,PC
207.799,154,1036.581,35.368,8,PC
207.867,337,1068.283,34.170,8,PC
207.988,188,772.930,50.920,8,PC
208.005,456,727.150,55.603,7,PC
208.033,190,729.793,55.301,7,PC
208.132,392,1035.569,35.408,8,PC
208.208,478,903.118,41.634,8,PC
208.229,241,785.718,49.786,8,PC
208.396,120,1304.538,27.383,9,PC
208.505,363,665.475,64.371,7,PC
208.536,386,924.432,40.470,8,PC
208.550,186,1237.127,29.012,9,PC
208.566,167,660.769,65.235,7,PC
208.770,203,1191.523,30.236,9,PC
208.930,49,758.203,52.311,7,NP
209.146,119,649.356,67.517,7,PC
209.248,377,1171.087,30.820,9,PC
209.298,305,915.821,40.931,8,PC
209.853,92,1056.530,34.604,8,PC
209.963,145,1102.761,32.962,9,PC
210.061,420,1161.522,31.102,9,PC
210.607,268,1077.572,33.835,8,PC
210.636,326,853.859,44.643,8,PC
211.060,343,811.730,47.660,8,PC
211.260,298,941.531,39.588,8,PC
211.498,313,877.267,43.153,8,PC
212.401,389,1055.991,34.624,8,PC
212.493,353,642.307,69.088,7,PE
212.907,255,1044.681,35.053,8,PE
213.122,90,969.377,38.240,8,PE
213.323,486,1128.601,32.116,9,PE
213.463,267,681.502,61.692,7,PC
213.646,123,760.116,52.125,7,PC
213.961,442,1116.109,32.519,9,PC
214.518,453,1151.366,31.407,9,PC
214.528,464,661.098,65.173,7,PC
215.465,376,677.775,62.282,7,PC
215.788,437,679.508,62.005,7,PC
215.807,127,681.731,61.656,7,PC
215.839,443,721.824,56.225,7,PC
215.996,472,847.621,45.061,8,PE
216.516,224,720.573,56.374,7,PC
216.849,39,610.413,79.402,7,PC
216.940,311,734.527,54.771,7,PC
217.327,194,953.092,39.015,8,PE
217.906,461,747.914,53.344,7,PC
217.914,261,1137.062,31.849,9,PE
218.074,383,867.467,43.762,8,PC
218.348,63,894.504,42.126,8,PE
218.394,315,889.342,42.427,8,PC
219.072,131,995.926,37.046,8,PE
219.342,242,1188.238,30.328,9,PC
219.780,180,650.646,67.244,7,PE
220.039,67,1158.284,31.199,9,PC
220.259,263,943.633,39.482,8,PE
220.351,278,791.816,49.266,8,PC
220.961,402,680.985,61.772,7,PC
220.999,248,1224.501,29.340,9,PC
221.090,217,857.698,44.391,8,PC
221.137,23,1104.571,32.902,9,PC
221.169,77,766.867,51.481,7,PE
221.225,346,777.965,50.466,8,PC
221.304,388,862.364,44.088,8,PC
221.435,404,1024.281,35.858,8,PC
221.589,496,616.574,76.685,7,PC
221.763,179,994.938,37.089,8,PC
221.795,374,987.412,37.420,8,PC
222.295,40,997.437,36.980,8,PC
222.389,340,1077.569,33.835,8,PC
222.528,159,952.959,39.022,8,PC
222.879,373,1143.485,31.649,9,PE
222.893,54,1040.552,35.213,8,PC
222.980,174,721.008,56.322,7,PE
223.007,29,843.184,45.364,8,PC
223.161,446,867.630,43.752,8,PC
223.238,476,1028.710,35.680,8,PC
223.445,234,896.754,41.996,8,PC
224.061,84,1047.879,34.931,8,PC
224.406,247,855.006,44.568,8,PC
225.048,309,994.407,37.112,8,PC
225.058,177,645.618,68.332,7,PE
225.193,232,815.786,47.348,8,PC
225.253,240,745.073,53.638,7,PC
225.283,481,1007.023,36.571,8,PC
225.478,364,844.638,45.264,8,PC
225.638,161,1062.255,34.391,8,PC
225.664,265,1035.998,35.391,8,PC
225.744,330,1122.724,32.304,9,PE
226.002,64,832.171,46.138,8,PC
226.046,68,857.127,44.428,8,PC
226.055,281,865.940,43.859,8,PC
226.070,83,716.148,56.910,7,NP
226.194,142,687.615,60.760,7,PC
226.301,266,768.785,51.302,8,PC
226.393,3,970.951,38.167,8,PC
226.891,95,1051.922,34.777,8,PC
227.162,333,915.869,40.928,8,PC
227.181,46,812.338,47.613,8,PC
227.203,277,687.189,60.823,7,PC
227.337,378,987.721,37.406,8,PC
227.518,182,609.377,79.936,7,PC
227.591,421,859.137,44.297,8,PC
227.606,73,685.135,61.133,7,PC
227.749,50,1109.209,32.747,9,PE
227.899,458,1166.856,30.944,9,NP
227.999,108,837.512,45.759,8,PC
228.292,293,708.516,57.870,7,PC
228.331,228,627.641,72.933,7,PC
228.624,19,810.604,47.748,8,PC
228.650,469,701.015,58.860,7,PC
229.293,7,913.281,41.069,8,PC
229.365,111,836.974,45.796,8,PC
229.444,449,864.680,43.939,8,PC
229.514,21,1183.754,30.455,9,PC
229.808,296,859.592,44.267,8,PC
230.175,143,934.928,39.923,8,PC
230.355,299,814.002,47.485,8,PC
230.367,289,795.842,48.931,8,PC
230.470,209,1127.717,32.144,9,PC
230.751,439,1083.671,33.619,8,PC
230.773,157,998.269,36.944,8,PC
230.970,233,773.245,50.891,8,PC
231.198,170,1051.489,34.793,8,PC
231.201,412,1112.723,32.630,9,PC
231.483,319,943.270,39.500,8,PC
231.848,468,990.327,37.291,8,PC
231.862,138,622.032,74.705,7,PE
231.871,264,1132.503,31.992,9,PE
232.973,493,935.910,39.873,8,PC
233.178,320,1003.031,36.740,8,PE
233.392,117,689.492,60.483,7,PE
233.477,213,706.774,58.095,7,PC
233.606,103,701.894,58.741,7,PC
233.684,397,1061.691,34.412,8,PE
233.847,433,668.268,63.876,7,PC
234.284,395,614.093,77.701,7,PC
234.370,462,674.000,62.899,7,PC
234.770,279,1142.580,31.677,9,PE
234.866,352,676.809,62.438,7,PC
242.000,B,[436, 39, 182, 70, 181, 250, 406, 160, 329, 195, 30, 36, 435, 81, 56, 119, 411, 496, 438, 210, 463, 335, 114, 353, 25, 180, 136, 363, 306, 89, 334, 133, 169, 167, 490, 66, 139, 419, 284, 357, 259, 464, 185, 349, 230, 116, 489, 398, 244, 97, 407, 395, 22, 130, 325, 430, 288, 318, 376, 71, 462, 228, 138, 55, 267, 256, 379, 499, 174, 470, 1, 127, 293, 42, 17, 269, 479, 204, 121, 177, 27, 301, 132, 437, 460, 245, 428, 5, 465, 402, 224, 456, 43, 73, 15, 26, 109, 190, 96, 491, 137, 191, 221, 201, 275, 123, 278, 289, 37, 485, 87, 443, 124, 277, 183, 13, 308, 38, 94, 202, 188, 208, 18, 49, 196, 273, 99, 60, 45, 166, 433, 142, 77, 6, 311, 367, 108, 232, 41, 364, 271, 225, 241, 117, 326, 156, 473, 85, 385, 352, 128, 270, 199, 46, 342, 276, 100, 8, 469, 213, 253, 461, 2, 113, 83, 444, 258, 482, 474, 343, 176, 125, 274, 417, 126, 358, 382, 323, 235, 310, 103, 112, 251, 339, 68, 168, 262, 260, 475, 58, 240, 12, 451, 316, 252, 346, 229, 266, 149, 347, 331, 484, 322, 219, 448, 375, 434, 414, 321, 62, 64, 111, 82, 282, 107, 295, 336, 233, 237, 257, 307, 287, 305, 348, 454, 399, 152, 197, 65, 472, 217, 285, 78, 207, 449, 495, 421, 327, 368, 44, 74, 431, 313, 445, 296, 20, 140, 0, 165, 380, 386, 147, 478, 332, 172, 383, 388, 19, 29, 466, 234, 405, 246, 455, 158, 299, 63, 238, 315, 483, 247, 425, 354, 446, 429, 198, 205, 300, 441, 416, 355, 118, 88, 366, 150, 390, 298, 351, 75, 497, 48, 173, 312, 11, 4, 53, 47, 281, 422, 134, 381, 187, 51, 171, 151, 90, 350, 280, 492, 243, 409, 193, 9, 410, 317, 106, 231, 297, 263, 194, 467, 359, 69, 471, 249, 487, 131, 7, 292, 333, 360, 255, 493, 33, 154, 423, 294, 79, 365, 159, 314, 392, 227, 143, 115, 52, 148, 254, 57, 356, 283, 338, 184, 337, 92, 146, 80, 10, 401, 206, 319, 374, 129, 91, 3, 144, 141, 153, 179, 145, 389, 222, 239, 268, 498, 40, 101, 345, 212, 361, 426, 155, 215, 378, 309, 403, 404, 391, 384, 104, 481, 396, 200, 54, 442, 72, 157, 447, 340, 468, 265, 105, 302, 476, 32, 371, 424, 320, 387, 16, 189, 324, 432, 84, 427, 420, 413, 214, 93, 161, 328, 486, 369, 61, 86, 163, 95, 24, 220, 377, 34, 175, 192, 290, 408, 98, 261, 453, 203, 178, 23, 170, 362, 164, 28, 35, 272, 477, 370, 459, 162, 450, 76, 397, 440, 330, 223, 439, 122, 50, 226, 186, 373, 31, 216, 67, 211, 372, 236, 264, 304, 135, 418, 394, 488, 286, 393, 412, 242, 344, 209, 291, 458, 110, 218, 480, 279, 120, 248, 21, 341, 14, 59, 415, 494, 400, 102, 452, 457, 303]
242.735,349,657.219,65.914,7,PE
242.758,382,678.925,62.098,7,PC
242.880,478,739.112,54.271,7,PC
242.900,442,976.507,37.911,8,PC
243.033,120,1102.380,32.975,9,PE
243.399,225,727.045,55.615,7,PC
243.451,484,785.189,49.831,8,PC
244.031,136,658.131,65.738,7,PC
244.075,420,992.110,37.212,8,PC
244.081,367,675.230,62.696,7,PC
244.310,138,608.803,80.245,7,PC
244.350,401,854.688,44.589,8,PC
244.383,176,663.906,64.655,7,PC
244.441,38,686.284,60.959,7,PC
245.341,262,841.675,45.468,8,PC
245.398,158,765.371,51.622,7,PE
245.722,422,795.556,48.955,8,PE
246.117,372,1001.906,36.788,8,PC
246.460,154,833.786,46.022,8,PC
246.682,338,839.961,45.587,8,PE
247.105,493,873.727,43.371,8,PC
247.531,29,735.666,54.645,7,PE
247.784,124,636.407,70.526,7,PE
248.219,342,857.895,44.378,8,PC
248.657,233,714.716,57.087,7,PC
248.886,444,659.118,65.548,7,PC
249.607,348,689.510,60.480,7,PC
249.645,244,666.339,64.216,7,PC
249.660,6,787.710,49.614,8,PE
249.676,388,749.911,53.139,7,PC
250.196,351,820.775,46.972,8,PC
250.272,62,669.066,63.737,7,PC
250.280,133,654.493,66.454,7,PC
250.739,214,935.478,39.895,8,PC
250.966,235,756.389,52.490,7,PC
251.092,386,756.588,52.470,7,PC
251.276,81,623.904,74.088,7,PC
251.611,257,745.019,53.644,7,PC
251.764,289,798.904,48.680,8,PC
252.291,217,763.172,51.831,7,PC
252.324,193,757.003,52.429,7,PE
252.469,237,668.462,63.842,7,PC
252.537,200,907.633,41.381,8,PC
252.805,448,664.925,64.470,7,PC
252.863,216,978.486,37.821,8,PC
253.481,218,1043.793,35.088,8,PE
253.695,285,700.746,58.896,7,PC
253.726,286,1015.475,36.218,8,PC
254.474,364,842.495,45.412,8,PC
254.985,325,638.754,69.939,7,PC
255.000,494,1054.685,34.673,8,PC
255.167,71,617.592,76.292,7,PC
255.683,162,957.771,38.789,8,PE
255.877,456,641.026,69.390,7,PC
255.896,429,718.801,56.587,7,PC
256.060,241,664.825,64.488,7,PC
256.073,393,993.928,37.133,8,PC
256.111,461,627.579,72.951,7,PC
256.501,234,791.884,49.261,8,PC
256.937,432,856.353,44.479,8,PC
257.057,181,656.129,66.128,7,PC
257.198,485,612.203,78.541,7,PC
257.237,42,619.054,75.748,7,PC
257.619,293,720.153,56.424,7,PC
257.748,333,770.503,51.143,8,PC
258.385,1,646.917,68.045,7,PC
258.729,78,666.098,64.259,7,PC
258.747,31,962.634,38.557,8,PC
258.780,126,659.596,65.457,7,PC
258.823,30,646.795,68.071,7,PC
258.828,266,681.313,61.721,7,PC
259.033,277,634.679,70.972,7,PC
259.657,194,755.739,52.554,7,PC
260.175,131,841.455,45.484,8,PC
260.425,147,677.245,62.368,7,PC
260.431,321,641.218,69.345,7,PC
260.511,49,626.583,73.251,7,PC
260.522,141,785.382,49.815,8,PC
260.815,129,806.853,48.042,8,PC
260.934,296,784.215,49.916,8,PC
261.152,323,628.605,72.649,7,PC
261.524,125,629.872,72.284,7,PC
262.346,5,629.287,72.451,7,PC
262.525,142,610.049,79.586,7,PE
262.697,76,951.436,39.096,8,PC
263.333,419,629.931,72.267,7,PC
263.386,239,825.403,46.629,8,PC
263.387,453,889.975,42.390,8,PE
263.466,172,700.009,58.996,7,PC
263.580,209,936.379,39.849,8,PC
263.924,89,630.349,72.148,7,PC
264.086,335,680.503,61.848,7,PC
264.147,207,784.828,49.862,8,PC
264.649,40,777.363,50.519,8,PC
264.782,36,673.474,62.987,7,PC
264.975,499,690.114,60.391,7,PC
265.202,307,751.804,52.947,7,PC
265.320,477,866.191,43.843,8,PC
266.590,287,749.005,53.232,7,PE
266.595,303,1063.688,34.338,8,PE
266.698,443,634.229,71.090,7,PC
266.742,127,661.458,65.106,7,PC
267.136,247,679.213,62.052,7,PC
267.355,255,845.017,45.239,8,PC
267.482,19,658.344,65.696,7,PC
267.585,157,819.237,47.087,8,PC
267.628,406,678.760,62.124,7,PC
267.642,20,655.662,66.221,7,PC
268.367,409,718.610,56.610,7,PC
269.214,288,658.792,65.610,7,PC
269.258,390,670.548,63.482,7,PC
269.945,363,680.197,61.896,7,PC
270.281,83,613.453,77.978,7,PC
270.356,426,756.549,52.474,7,PC
270.500,0,714.376,57.129,7,PC
270.524,354,767.577,51.415,7,PC
270.721,110,907.551,41.385,8,PC
270.762,375,702.826,58.616,7,PC
271.176,68,839.483,45.621,8,PC
271.861,168,831.559,46.181,8,PE
272.311,79,760.238,52.113,7,PC
272.603,119,699.474,59.069,7,PC
272.819,173,686.307,60.956,7,PC
273.140,488,901.306,41.736,8,PC
273.179,267,665.937,64.288,7,PC
273.691,427,778.341,50.432,8,PC
273.847,490,705.970,58.200,7,PC
273.911,250,719.920,56.452,7,PC
274.084,337,750.331,53.096,7,PC
274.156,389,744.839,53.663,7,PC
274.326,411,720.289,56.408,7,PC
274.406,153,776.710,50.578,8,PC
274.676,8,606.494,81.608,7,PC
274.905,47,687.209,60.821,7,PC
274.980,320,819.196,47.090,8,PC
275.059,56,679.931,61.938,7,PC
275.122,109,805.333,48.162,8,PC
275.248,428,781.256,50.174,8,PC
275.283,66,704.304,58.420,7,PC
275.607,272,872.390,43.453,8,PC
275.779,431,629.006,72.532,7,PC
276.088,473,612.164,78.559,7,PC
276.117,215,736.677,54.535,7,PC
276.188,11,754.903,52.637,7,PC
276.321,304,899.569,41.835,8,PC
276.508,140,639.355,69.792,7,PC
277.114,251,853.389,44.675,8,PC
277.262,188,672.788,63.102,7,PC
277.519,369,778.469,50.421,8,PC
277.643,7,722.647,56.128,7,PE
277.779,192,786.322,49.733,8,PC
277.931,4,785.328,49.819,8,PC
278.130,445,622.689,74.486,7,PC
278.228,61,823.866,46.742,8,PC
278.279,135,838.424,45.695,8,PE
278.304,343,699.265,59.098,7,NP
279.573,15,634.250,71.085,7,PC
279.993,180,719.378,56.517,7,PC
280.216,187,666.813,64.132,7,PC
280.240,16,741.054,54.062,7,PC
280.506,274,672.624,63.129,7,PC
280.975,97,723.741,55.999,7,PC
281.392,84,763.120,51.836,7,PC
281.961,414,701.330,58.817,7,PC
282.248,80,685.527,61.073,7,PC
282.271,169,727.157,55.602,7,PC
282.396,253,646.117,68.221,7,PC
282.497,146,695.034,59.685,7,PC
282.618,467,680.679,61.821,7,PC
282.783,243,692.578,60.035,7,PC
282.789,282,678.728,62.130,7,PC
283.201,458,866.984,43.793,8,PC
283.788,481,725.416,55.803,7,PC
283.900,18,616.234,76.819,7,PC
284.036,397,788.066,49.584,8,PC
284.159,259,713.339,57.258,7,PC
284.645,439,791.696,49.276,8,PE
284.702,468,744.086,53.742,7,PC
284.828,145,810.871,47.727,8,PC
284.859,492,663.021,64.816,7,PC
284.980,350,640.047,69.624,7,PC
285.394,159,667.491,64.012,7,PC
285.401,446,650.183,67.341,7,PC
285.623,336,624.392,73.932,7,PC
285.636,326,853.671,44.656,8,PC
285.909,160,739.531,54.226,7,PC
286.123,450,822.597,46.836,8,PE
287.084,103,610.030,79.596,7,PC
287.272,421,765.474,51.612,7,PE
287.891,449,794.925,49.007,8,PE
288.016,219,609.566,79.836,7,PC
289.043,417,615.171,77.249,7,PC
289.711,245,849.029,44.966,8,PE
289.786,12,607.487,80.995,7,PC
289.940,98,734.913,54.728,7,PC
290.090,360,653.090,66.738,7,PC
290.445,404,698.968,59.138,7,PC
290.448,189,822.357,46.854,8,PE
290.604,69,660.076,65.366,7,PC
290.955,462,766.777,51.490,7,PC
291.071,177,669.204,63.713,7,PC
291.226,291,786.671,49.703,8,PC
291.424,96,645.683,68.318,7,PC
291.899,430,749.814,53.149,7,PC
292.015,280,791.835,49.265,8,PC
292.871,50,760.093,52.127,7,PC
293.446,105,737.200,54.478,7,PC
293.461,37,899.765,41.824,8,PE
293.698,74,688.798,60.585,7,PC
293.942,463,753.982,52.729,7,PC
294.056,479,693.055,59.966,7,PC
294.249,371,715.149,57.033,7,PC
294.250,57,661.018,65.188,7,PC
295.066,223,737.484,54.447,7,PC
295.129,269,725.083,55.842,7,PC
295.379,115,779.107,50.364,8,PE
295.707,329,771.840,51.020,7,PC
295.791,339,893.478,42.186,8,PC
295.999,380,611.343,78.946,7,PC
296.137,2,846.537,45.135,8,PC
296.856,496,753.859,52.741,7,PC
297.195,46,857.330,44.415,8,PC
297.753,319,678.264,62.204,7,PC
297.798,275,672.252,63.192,7,PC
297.886,28,802.975,48.350,8,PC
298.085,381,638.661,69.962,7,PC
298.345,340,810.578,47.749,8,PE
298.689,373,735.973,54.612,7,PC
298.689,60,640.394,69.541,7,PC
299.169,54,723.659,56.008,7,PC
299.262,156,671.056,63.395,7,PC
299.470,498,720.114,56.429,7,PC
299.914,256,860.044,44.238,8,PC
300.103,383,644.448,68.596,7,PC
300.766,470,779.724,50.309,8,PC
300.775,497,627.090,73.098,7,PC
301.146,258,861.788,44.125,8,PC
301.274,438,790.062,49.414,8,PC
301.407,232,896.097,42.034,8,PC
301.439,202,751.927,52.935,7,PC
301.679,48,620.246,75.320,7,PC
301.723,434,614.121,77.689,7,PE
301.872,322,663.577,64.714,7,PC
302.343,465,786.971,49.678,8,PC
302.552,399,630.082,72.224,7,PC
302.573,242,734.538,54.770,7,PC
302.595,82,612.739,78.296,7,PC
303.079,228,727.952,55.511,7,PC
303.136,197,640.375,69.546,7,PC
303.163,108,948.064,39.262,8,PE
303.331,471,707.376,58.017,7,PC
303.462,394,779.917,50.292,8,PC
303.596,482,896.115,42.033,8,PC
303.954,53,645.440,68.372,7,PC
304.204,392,625.265,73.657,7,PC
304.229,441,650.103,67.358,7,PC
304.379,487,624.858,73.785,7,PC
304.488,198,615.899,76.953,7,PC
304.611,190,728.841,55.409,7,PC
304.809,301,758.835,52.250,7,PC
305.760,402,719.413,56.513,7,PC
305.921,318,766.647,51.502,7,PC
306.061,440,797.731,48.776,8,PE
306.099,10,736.438,54.561,7,PC
306.153,236,714.394,57.127,7,PC
306.170,222,629.297,72.448,7,PC
306.290,425,658.428,65.680,7,PC
306.304,191,688.524,60.625,7,PC
306.423,376,793.971,49.086,8,PE
306.530,75,723.358,56.044,7,PC
306.588,137,715.536,56.985,7,PC
306.729,221,685.348,61.100,7,PC
307.027,9,612.214,78.536,7,PC
307.123,346,670.227,63.537,7,PC
307.792,476,645.271,68.410,7,PC
308.006,186,740.588,54.112,7,PC
308.061,264,801.444,48.473,8,PE
308.218,352,659.633,65.450,7,PC
308.279,313,620.017,75.401,7,PC
308.305,474,644.993,68.473,7,PC
308.928,182,869.251,43.650,8,PE
310.321,489,779.094,50.365,8,PE
310.373,204,748.939,53.238,7,PC
310.725,206,634.890,70.917,7,PC
311.318,295,634.160,71.108,7,PC
311.589,300,729.117,55.377,7,PC
311.770,101,736.825,54.519,7,PC
311.831,451,753.617,52.765,7,PE
312.057,121,763.736,51.777,7,PC
312.787,281,611.289,78.972,7,PC
312.976,201,883.365,42.783,8,PE
313.385,480,724.256,55.938,7,PC
313.409,379,765.490,51.611,7,PC
313.797,328,646.714,68.089,7,PC
313.965,151,614.796,77.404,7,PC
314.492,344,691.443,60.198,7,PC
314.563,472,656.754,66.006,7,PC
314.997,117,718.802,56.587,7,PC
315.022,452,840.866,45.525,8,PE
315.033,433,697.673,59.317,7,PC
315.777,278,946.070,39.361,8,PC
315.827,290,678.956,62.093,7,PC
316.020,213,724.655,55.892,7,PC
316.288,460,804.406,48.236,8,PC
316.343,94,702.053,58.720,7,PE
316.531,113,967.750,38.316,8,PC
316.612,347,645.330,68.397,7,PC
316.739,358,769.909,51.198,7,PC
316.914,437,757.107,52.419,7,PC
317.128,395,802.852,48.360,8,PC
317.696,276,876.527,43.198,8,PC
317.846,273,808.592,47.905,8,PC
318.328,43,802.446,48.393,8,PC
318.450,454,752.121,52.915,7,PC
318.625,330,697.255,59.375,7,PC
318.683,25,850.080,44.896,8,PC
318.766,495,866.707,43.811,8,PC
318.823,227,669.493,63.663,7,PC
319.039,298,649.624,67.460,7,PC
319.195,418,730.372,55.235,7,PC
319.747,464,875.836,43.240,8,PE
319.900,297,717.764,56.713,7,PC
319.962,39,939.599,39.685,8,PC
320.104,26,762.592,51.887,7,PC
320.513,32,619.798,75.479,7,PC
320.861,211,660.535,65.279,7,PC
321.041,230,931.762,40.086,8,PE
321.092,65,661.690,65.063,7,PC
321.109,377,693.211,59.944,7,PC
321.217,85,769.596,51.227,7,PC
321.861,226,765.964,51.566,7,PC
322.076,327,747.519,53.384,7,PC
322.300,271,764.832,51.673,7,PC
322.387,63,699.191,59.108,7,PC
322.499,33,613.811,77.823,7,PC
322.707,134,613.929,77.772,7,PC
322.970,175,634.912,70.911,7,PC
323.142,362,632.738,71.488,7,PC
323.285,106,832.875,46.087,8,PE
323.400,455,775.635,50.675,7,PC
323.531,359,607.190,81.174,7,PC
323.816,229,681.735,61.655,7,PC
323.887,378,632.813,71.468,7,PC
324.127,220,629.892,72.278,7,PC
324.313,384,708.090,57.925,7,PC
324.708,332,689.789,60.439,7,PC
325.275,263,674.030,62.894,7,PC
325.336,3,646.626,68.109,7,PC
325.569,93,780.658,50.227,8,PE
325.978,486,639.468,69.765,7,PC
326.052,13,980.776,37.717,8,PC
326.209,331,673.253,63.024,7,PC
326.250,143,685.876,61.021,7,PC
326.291,483,654.025,66.548,7,PC
326.436,91,791.778,49.270,8,PC
326.489,64,845.030,45.238,8,PC
326.671,118,637.823,70.169,7,PC
326.805,416,707.880,57.952,7,PC
326.831,316,737.913,54.400,7,PC
327.079,171,643.495,68.813,7,PC
327.088,123,895.563,42.065,8,PC
327.354,294,609.714,79.759,7,PC
327.392,368,674.039,62.893,7,PC
327.757,413,627.068,73.104,7,PC
327.779,374,604.357,83.116,7,PC
327.856,361,613.350,78.024,7,PC
327.969,92,653.442,66.666,7,PC
328.030,21,737.655,54.428,7,PC
328.945,199,741.881,53.975,7,PC
329.251,128,741.002,54.068,7,PE
329.609,407,883.455,42.777,8,PE
329.914,385,767.540,51.418,7,PC
330.130,170,626.716,73.210,7,PC
330.172,311,771.464,51.054,7,PC
330.913,403,657.664,65.828,7,PC
331.322,315,685.760,61.038,7,PC
331.333,240,711.306,57.514,7,PC
331.526,306,902.046,41.694,8,PC
332.317,398,937.906,39.771,8,PC
332.337,178,621.338,74.941,7,PC
332.355,130,979.349,37.781,8,PC
332.418,67,636.617,70.473,7,PC
332.683,210,931.016,40.125,8,PC
332.692,324,624.874,73.780,7,PC
333.139,17,886.976,42.567,8,PC
333.146,116,924.687,40.456,8,PC
333.269,224,901.554,41.722,8,PC
333.286,184,637.935,70.141,7,PC
333.381,341,703.988,58.461,7,PC
333.828,260,714.016,57.174,7,PC
334.243,212,624.563,73.878,7,PC
334.310,14,681.437,61.702,7,PC
334.610,408,702.729,58.629,7,PC
335.090,41,831.573,46.180,8,PC
335.122,51,726.754,55.648,7,PC
335.314,248,680.806,61.801,7,PE
335.388,410,639.501,69.757,7,PC
335.486,132,843.073,45.372,8,PC
335.594,469,748.209,53.313,7,PC
335.773,447,675.687,62.621,7,PC
335.861,196,815.808,47.347,8,PC
335.990,491,849.383,44.942,8,PC
336.185,310,867.657,43.750,8,PC
336.214,238,788.936,49.510,8,PC
336.606,174,1027.156,35.742,8,PC
336.658,261,706.900,58.079,7,PC
336.795,99,966.754,38.362,8,PC
336.812,165,884.831,42.695,8,PC
336.896,357,930.449,40.154,8,PC
337.129,77,927.682,40.299,8,PC
337.168,155,609.490,79.876,7,PC
337.227,58,746.256,53.515,7,PC
337.422,86,693.618,59.886,7,PC
337.453,102,739.499,54.229,7,PC
337.574,265,689.829,60.433,7,PC
337.761,167,955.852,38.882,8,PC
337.790,107,704.117,58.444,7,NP
337.869,24,608.753,80.272,7,PC
338.363,246,655.861,66.181,7,PC
338.415,305,912.663,41.103,8,PE
338.617,112,735.557,54.657,7,PC
338.703,312,876.363,43.208,8,PC
339.289,309,607.903,80.751,7,PC
339.421,164,647.855,67.840,7,PE
339.658,55,962.313,38.572,8,PC
339.799,90,747.280,53.409,7,PC
340.628,314,748.198,53.315,7,PC
340.924,231,821.738,46.900,8,PE
341.448,254,781.628,50.141,8,PE
341.576,415,716.805,56.830,7,PC
341.720,459,650.227,67.332,7,PC
341.753,353,989.493,37.328,8,PC
342.241,152,730.327,55.240,7,PC
342.285,139,954.502,38.947,8,PC
342.528,88,725.203,55.828,7,PC
343.157,436,1089.059,33.431,8,PE
343.201,396,783.136,50.009,8,PE
343.244,111,937.040,39.815,8,PC
343.310,45,952.668,39.036,8,PC
343.433,163,645.311,68.401,7,PC
343.544,345,615.336,77.181,7,PC
343.740,284,967.658,38.320,8,PC
343.854,122,619.377,75.630,7,PC
343.909,35,629.376,72.426,7,PC
344.364,400,751.436,52.984,7,PC
344.917,292,676.922,62.420,7,PC
345.068,435,1044.752,35.051,8,PC
345.138,205,677.764,62.284,7,PC
345.324,365,723.566,56.019,7,PC
345.419,100,796.553,48.872,8,PC
345.823,70,1094.428,33.246,8,PC
345.878,249,641.881,69.188,7,PC
345.926,161,669.095,63.732,7,PC
345.981,424,721.930,56.212,7,PC
345.988,203,671.012,63.402,7,PC
346.320,283,826.465,46.551,8,PC
346.585,466,731.192,55.143,7,PC
347.418,302,620.594,75.198,7,PE
347.418,87,913.484,41.058,8,PC
347.918,104,637.956,70.136,7,PC
348.047,183,866.230,43.841,8,PE
348.273,334,998.995,36.913,8,PE
348.546,299,684.959,61.159,7,PC
348.577,195,1050.531,34.830,8,PC
348.997,423,657.452,65.869,7,PE
349.362,44,774.709,50.758,7,PE
349.694,208,916.065,40.918,8,PC
349.834,356,822.476,46.845,8,PC
350.099,252,1071.447,34.055,8,PC
350.144,185,1015.995,36.196,8,PC
350.535,457,746.551,53.485,7,PC
350.679,95,605.957,81.960,7,PC
351.296,144,649.284,67.532,7,PC
351.601,150,683.391,61.399,7,PC
351.759,179,626.021,73.422,7,PC
351.926,279,699.955,59.003,7,PC
352.012,22,997.982,36.957,8,PE
352.020,412,605.106,82.552,7,PC
352.179,59,655.956,66.162,7,PC
352.319,317,666.229,64.236,7,PC
352.420,308,1109.634,32.733,9,PE
352.664,73,971.104,38.160,8,PC
352.771,370,614.236,77.640,7,PC
353.286,23,614.908,77.358,7,PC
353.331,268,702.449,58.666,7,PC
353.610,355,806.699,48.054,8,PC
353.800,114,1047.396,34.949,8,PC
353.845,27,1080.917,33.717,8,PC
353.964,52,674.334,62.844,7,PC
354.237,34,615.926,76.942,7,PC
354.274,149,880.587,42.950,8,PC
354.287,270,972.594,38.091,8,PC
354.475,387,805.599,48.141,8,PC
354.525,475,890.291,42.372,8,PC
354.560,166,881.884,42.872,8,PC
354.616,148,788.371,49.558,8,PC
355.055,366,698.832,59.157,7,PC
355.082,405,750.771,53.052,7,PC
355.088,72,643.209,68.879,7,PC
355.186,391,634.296,71.073,7,PC
362.000,B,[]
482.000,B,[]